COUNTYNAME,DATETIME,DATE,LON,LAT,PK
Burlington,3/31/2013 4:26:26 PM,3/31/2013,-75.03671,40.00273,0
Camden,3/31/2013 3:44:22 PM,3/31/2013,-74.87061,39.64768,1
Atlantic,1/1/2013 3:07:51 PM,1/1/2013,-74.42123,39.36292,2
Atlantic,3/31/2013 3:11:58 PM,3/31/2013,-74.43227,39.36041,3
Atlantic,5/12/2013 8:39:46 PM,5/12/2013,-74.82874,39.61445,4
Atlantic,6/16/2013 6:12:25 PM,6/16/2013,-74.77467,39.57811,5
Camden,8/15/2013 2:15:26 PM,8/15/2013,-75.08126,39.93473,6
Camden,2/14/2013 1:06:26 PM,2/14/2013,-74.92217,39.8521,7
Camden,6/16/2013 6:21:51 PM,6/16/2013,-74.87026,39.64746,8
Camden,2/11/2013 6:25:14 PM,2/11/2013,-75.02466,39.96301,9
Camden,3/31/2013 3:44:22 PM,3/31/2013,-74.87061,39.64768,10
Camden,9/2/2013 12:05:23 PM,9/2/2013,-74.90117,39.71769,11
Burlington,12/12/2013 10:03:08 PM,12/12/2013,-74.94094,39.9109,12
Burlington,8/6/2013 9:13:39 PM,8/6/2013,-75.01077,39.97573,13
Atlantic,3/31/2013 3:16:59 PM,3/31/2013,-74.44037,39.36238,14
Camden,6/20/2013 2:19:23 PM,6/20/2013,-75.07761,39.93623,15
Camden,2/14/2013 6:13:07 PM,2/14/2013,-74.9286,39.82172,16
Atlantic,9/2/2013 5:15:09 PM,9/2/2013,-74.7886,39.58722,17
Atlantic,5/12/2013 12:55:39 PM,5/12/2013,-74.68816,39.51448,18
Atlantic,12/31/2013 7:21:35 PM,12/31/2013,-74.44183,39.36277,19
Burlington,3/31/2013 4:26:51 PM,3/31/2013,-75.03771,40.00592,20
Camden,12/27/2013 3:26:54 PM,12/27/2013,-75.03039,39.93676,21
Camden,6/16/2013 6:57:09 PM,6/16/2013,-74.92728,39.82794,22
Camden,1/25/2014 2:59:00 PM,1/25/2014,-75.02892,39.94297,23
Burlington,9/2/2013 11:27:31 AM,9/2/2013,-75.00741,39.97172,24
Camden,1/25/2014 2:52:53 PM,1/25/2014,-75.03043,39.93685,25
Camden,8/6/2013 8:44:14 PM,8/6/2013,-74.91815,39.79249,26
Camden,2/11/2013 6:45:55 PM,2/11/2013,-75.02289,39.98757,27
Burlington,9/2/2013 11:26:50 AM,9/2/2013,-75.01274,39.97774,28
Camden,3/22/2013 5:26:49 PM,3/22/2013,-75.023,39.98743,29
Camden,5/12/2013 12:43:39 PM,5/12/2013,-74.87712,39.65149,30
Camden,6/20/2013 1:58:57 PM,6/20/2013,-75.10394,39.94146,31
Atlantic,1/1/2013 5:04:43 PM,1/1/2013,-74.43718,39.35937,32
Camden,12/31/2013 6:33:02 PM,12/31/2013,-74.87992,39.66241,33
Atlantic,1/1/2013 5:01:24 PM,1/1/2013,-74.43026,39.36155,34
Atlantic,11/28/2013 3:25:21 PM,11/28/2013,-74.43285,39.35828,35
Burlington,3/31/2013 4:14:09 PM,3/31/2013,-74.98765,39.95663,36
Burlington,6/16/2013 7:06:52 PM,6/16/2013,-74.93789,39.90642,37
Atlantic,12/12/2013 4:19:15 PM,12/12/2013,-74.43971,39.35736,38
Atlantic,5/12/2013 8:33:06 PM,5/12/2013,-74.71495,39.53604,39
Burlington,2/14/2013 12:51:31 PM,2/14/2013,-74.95988,39.93077,40
Camden,11/28/2013 8:33:54 PM,11/28/2013,-74.8928,39.69455,41
Camden,6/20/2013 2:36:51 PM,6/20/2013,-75.02714,39.99189,42
Atlantic,3/31/2013 3:10:08 PM,3/31/2013,-74.4237,39.36395,43
Burlington,6/20/2013 2:47:15 PM,6/20/2013,-75.0364,40.00166,44
Atlantic,2/14/2013 5:18:25 PM,2/14/2013,-74.43305,39.36007,45
Camden,12/27/2013 3:19:21 PM,12/27/2013,-75.02948,39.94046,46
Atlantic,3/31/2013 2:15:39 PM,3/31/2013,-74.41996,39.36388,47
Burlington,1/25/2014 2:41:28 PM,1/25/2014,-75.0368,40.00227,48
Burlington,10/14/2013 8:47:57 PM,10/14/2013,-74.96661,39.93534,49
Burlington,3/31/2013 4:08:30 PM,3/31/2013,-74.93845,39.90719,50
Burlington,3/31/2013 4:13:17 PM,3/31/2013,-74.98389,39.9468,51
Burlington,12/12/2013 10:04:16 PM,12/12/2013,-74.94173,39.9122,52
Camden,5/12/2013 9:11:00 PM,5/12/2013,-74.92215,39.85182,53
Atlantic,3/31/2013 3:14:52 PM,3/31/2013,-74.43645,39.35877,54
Camden,2/14/2013 6:13:48 PM,2/14/2013,-74.92726,39.82779,55
Atlantic,2/14/2013 3:58:18 PM,2/14/2013,-74.42135,39.36286,56
Atlantic,3/31/2013 2:15:22 PM,3/31/2013,-74.4206,39.36413,57
Atlantic,12/12/2013 4:16:17 PM,12/12/2013,-74.43117,39.35879,58
Camden,1/25/2014 2:50:03 PM,1/25/2014,-75.02811,39.94746,59
Camden,12/12/2013 2:04:49 PM,12/12/2013,-74.93177,39.80306,60
Burlington,1/1/2013 6:06:08 PM,1/1/2013,-74.93745,39.90583,61
Atlantic,2/14/2013 5:15:57 PM,2/14/2013,-74.42244,39.36434,62
Camden,5/12/2013 8:49:55 PM,5/12/2013,-74.91036,39.74464,63
Atlantic,6/16/2013 12:47:55 PM,6/16/2013,-74.4201,39.36446,64
Camden,2/11/2013 6:23:55 PM,2/11/2013,-75.02726,39.95112,65
Burlington,1/25/2014 2:41:28 PM,1/25/2014,-75.0368,40.00227,66
Atlantic,3/31/2013 3:12:58 PM,3/31/2013,-74.43359,39.35984,67
Camden,10/14/2013 2:39:46 PM,10/14/2013,-74.91033,39.74401,68
Camden,8/15/2013 2:17:39 PM,8/15/2013,-75.08373,39.92958,69
Atlantic,1/1/2014 1:47:28 PM,1/1/2014,-74.42342,39.36397,70
Atlantic,6/16/2013 6:12:43 PM,6/16/2013,-74.77677,39.57948,71
Camden,9/2/2013 6:13:25 PM,9/2/2013,-74.92728,39.82772,72
Burlington,2/14/2013 12:48:33 PM,2/14/2013,-74.96513,39.93427,73
Camden,1/25/2014 2:53:19 PM,1/25/2014,-75.02901,39.93617,74
Camden,6/20/2013 2:17:39 PM,6/20/2013,-75.08252,39.93313,75
Atlantic,6/16/2013 5:45:48 PM,6/16/2013,-74.435,39.35856,76
Camden,2/14/2013 1:29:57 PM,2/14/2013,-74.91077,39.78796,77
Camden,8/23/2013 2:08:30 PM,8/23/2013,-75.02679,39.95359,78
Atlantic,6/16/2013 2:09:05 PM,6/16/2013,-74.42088,39.36404,79
Camden,10/14/2013 8:23:56 PM,10/14/2013,-74.91567,39.79106,80
Burlington,11/28/2013 9:09:24 PM,11/28/2013,-74.93833,39.90695,81
Atlantic,3/31/2013 3:09:30 PM,3/31/2013,-74.42247,39.36445,82
Camden,9/2/2013 11:41:22 AM,9/2/2013,-74.92785,39.82572,83
Burlington,12/12/2013 12:55:07 PM,12/12/2013,-75.02933,39.99365,84
Burlington,12/12/2013 10:15:33 PM,12/12/2013,-74.96583,39.93479,85
Burlington,10/14/2013 2:03:43 PM,10/14/2013,-75.00094,39.96572,86
Atlantic,12/12/2013 2:58:01 PM,12/12/2013,-74.42079,39.36548,87
Camden,2/11/2013 6:21:26 PM,2/11/2013,-75.02713,39.9449,88
Camden,5/12/2013 8:52:42 PM,5/12/2013,-74.90992,39.78066,89
Atlantic,9/2/2013 12:41:38 PM,9/2/2013,-74.4357,39.36096,90
Burlington,6/16/2013 11:27:52 AM,6/16/2013,-74.93966,39.90846,91
Camden,5/12/2013 12:13:48 PM,5/12/2013,-74.92986,39.81603,92
Camden,6/16/2013 12:13:38 PM,6/16/2013,-74.87243,39.64982,93
Camden,9/2/2013 11:41:16 AM,9/2/2013,-74.92765,39.82662,94
Camden,1/25/2014 2:50:03 PM,1/25/2014,-75.02811,39.94746,95
Burlington,3/31/2013 4:08:30 PM,3/31/2013,-74.93845,39.90719,96
Burlington,3/31/2013 4:13:17 PM,3/31/2013,-74.98389,39.9468,97
Atlantic,10/14/2013 3:00:12 PM,10/14/2013,-74.68834,39.51461,98
Camden,6/20/2013 2:28:48 PM,6/20/2013,-75.05476,39.95914,99
Atlantic,2/14/2013 1:50:28 PM,2/14/2013,-74.74808,39.55911,100
Atlantic,6/16/2013 6:15:54 PM,6/16/2013,-74.79457,39.59125,101
Camden,2/11/2013 3:27:00 PM,2/11/2013,-75.02415,39.9655,102
Camden,6/20/2013 2:30:04 PM,6/20/2013,-75.04505,39.96856,103
Camden,3/31/2013 4:01:57 PM,3/31/2013,-74.92365,39.84475,104
Camden,2/11/2013 6:21:26 PM,2/11/2013,-75.02713,39.9449,105
Camden,5/10/2013 5:46:29 PM,5/10/2013,-75.02283,39.98761,106
Camden,3/31/2013 3:51:35 PM,3/31/2013,-74.91002,39.74351,107
Atlantic,5/12/2013 8:29:48 PM,5/12/2013,-74.67415,39.50501,108
Camden,3/31/2013 3:54:16 PM,3/31/2013,-74.90965,39.78239,109
Camden,2/11/2013 3:32:54 PM,2/11/2013,-75.02806,39.93662,110
Burlington,10/14/2013 1:59:41 PM,10/14/2013,-75.03937,40.00729,111
Burlington,8/6/2013 9:09:51 PM,8/6/2013,-74.98466,39.94733,112
Atlantic,12/12/2013 2:57:41 PM,12/12/2013,-74.42194,39.36658,113
Camden,1/25/2014 5:59:38 PM,1/25/2014,-75.01726,39.97972,114
Burlington,8/15/2013 4:33:16 PM,8/15/2013,-75.03605,40.00062,115
Camden,5/10/2013 2:33:07 PM,5/10/2013,-75.02861,39.93644,116
Burlington,2/14/2013 12:44:38 PM,2/14/2013,-74.98716,39.95084,117
Atlantic,3/31/2013 3:16:19 PM,3/31/2013,-74.43872,39.36051,118
Burlington,11/28/2013 9:06:20 PM,11/28/2013,-74.92222,39.88536,119
Camden,6/20/2013 1:57:25 PM,6/20/2013,-75.08263,39.93501,120
Camden,8/15/2013 3:53:16 PM,8/15/2013,-74.93065,39.81056,121
Burlington,5/12/2013 11:54:40 AM,5/12/2013,-75.03989,40.00795,122
Camden,12/12/2013 9:32:39 PM,12/12/2013,-74.90999,39.76259,123
Camden,5/10/2013 5:31:32 PM,5/10/2013,-75.01622,39.98151,124
Atlantic,3/31/2013 3:10:08 PM,3/31/2013,-74.4237,39.36395,125
Atlantic,6/16/2013 5:47:54 PM,6/16/2013,-74.43836,39.35997,126
Camden,12/27/2013 3:23:54 PM,12/27/2013,-75.0271,39.94639,127
Burlington,11/28/2013 9:09:37 PM,11/28/2013,-74.93934,39.90818,128
Camden,11/28/2013 9:01:24 PM,11/28/2013,-74.92702,39.82912,129
Atlantic,6/16/2013 2:13:26 PM,6/16/2013,-74.43259,39.35861,130
Atlantic,9/2/2013 5:15:46 PM,9/2/2013,-74.79058,39.58853,131
Camden,2/11/2013 6:22:07 PM,2/11/2013,-75.02806,39.94419,132
Camden,6/16/2013 12:08:08 PM,6/16/2013,-74.90167,39.71898,133
Burlington,3/31/2013 4:26:26 PM,3/31/2013,-75.03671,40.00273,134
Camden,11/28/2013 12:55:36 PM,11/28/2013,-74.92792,39.82551,135
Burlington,6/20/2013 1:46:25 PM,6/20/2013,-75.04039,40.00858,136
Camden,8/6/2013 11:32:23 AM,8/6/2013,-75.02329,39.98835,137
Atlantic,6/16/2013 2:12:56 PM,6/16/2013,-74.43095,39.35913,138
Camden,8/23/2013 5:11:12 PM,8/23/2013,-75.02174,39.988,139
Atlantic,2/14/2013 3:59:16 PM,2/14/2013,-74.41987,39.36373,140
Atlantic,2/14/2013 5:15:08 PM,2/14/2013,-74.42069,39.36392,141
Atlantic,3/31/2013 3:14:52 PM,3/31/2013,-74.43645,39.35877,142
Burlington,11/28/2013 9:17:20 PM,11/28/2013,-75.0109,39.97579,143
Camden,5/10/2013 2:23:48 PM,5/10/2013,-75.02811,39.94725,144
Atlantic,6/16/2013 12:41:37 PM,6/16/2013,-74.44235,39.36293,145
Camden,2/14/2013 1:25:42 PM,2/14/2013,-74.93045,39.8125,146
Burlington,10/14/2013 2:08:49 PM,10/14/2013,-74.96225,39.93232,147
Camden,1/25/2014 2:58:33 PM,1/25/2014,-75.02961,39.94008,148
Camden,2/11/2013 6:23:48 PM,2/11/2013,-75.02747,39.95014,149
Camden,6/20/2013 2:30:32 PM,6/20/2013,-75.04153,39.9717,150
Atlantic,2/14/2013 5:19:18 PM,2/14/2013,-74.43619,39.3587,151
Atlantic,3/31/2013 3:15:47 PM,3/31/2013,-74.43743,39.35911,152
Burlington,1/1/2013 6:06:14 PM,1/1/2013,-74.93819,39.90674,153
Atlantic,1/1/2013 4:55:08 PM,1/1/2013,-74.42851,39.36205,154
Camden,3/22/2013 5:00:40 PM,3/22/2013,-75.0288,39.93751,155
Camden,5/10/2013 2:29:58 PM,5/10/2013,-75.02325,39.93971,156
Atlantic,3/31/2013 3:12:58 PM,3/31/2013,-74.43359,39.35984,157
Burlington,9/2/2013 6:27:07 PM,9/2/2013,-74.9455,39.91855,158
Camden,1/1/2013 5:55:01 PM,1/1/2013,-74.92179,39.79504,159
Camden,5/10/2013 5:34:06 PM,5/10/2013,-75.02214,39.98787,160
Atlantic,3/31/2013 3:19:26 PM,3/31/2013,-74.48526,39.37881,161
Atlantic,6/16/2013 6:17:13 PM,6/16/2013,-74.81161,39.60289,162
Atlantic,9/2/2013 12:42:13 PM,9/2/2013,-74.43354,39.3583,163
Camden,6/20/2013 2:11:08 PM,6/20/2013,-75.12858,39.94625,164
Camden,8/15/2013 2:25:09 PM,8/15/2013,-75.04451,39.92792,165
Camden,9/2/2013 11:59:39 AM,9/2/2013,-74.9103,39.78745,166
Camden,3/31/2013 3:45:30 PM,3/31/2013,-74.87933,39.6614,167
Camden,2/11/2013 6:22:07 PM,2/11/2013,-75.02806,39.94419,168
Burlington,2/14/2013 12:54:33 PM,2/14/2013,-74.95517,39.92761,169
Burlington,2/14/2013 6:21:59 PM,2/14/2013,-74.92825,39.89464,170
Camden,6/20/2013 2:11:50 PM,6/20/2013,-75.12548,39.94444,171
Camden,3/31/2013 3:45:30 PM,3/31/2013,-74.87933,39.6614,172
Burlington,3/31/2013 4:14:09 PM,3/31/2013,-74.98765,39.95663,173
Camden,9/2/2013 6:02:39 PM,9/2/2013,-74.90851,39.78588,174
Camden,9/2/2013 11:42:54 AM,9/2/2013,-74.93035,39.8134,175
Camden,3/31/2013 3:58:16 PM,3/31/2013,-74.93092,39.80867,176
Atlantic,12/12/2013 4:14:54 PM,12/12/2013,-74.42391,39.36174,177
Atlantic,10/14/2013 3:21:24 PM,10/14/2013,-74.42089,39.36566,178
Camden,3/22/2013 2:36:14 PM,3/22/2013,-75.02883,39.93628,179
Atlantic,8/6/2013 7:50:28 PM,8/6/2013,-74.43347,39.35999,180
Atlantic,5/12/2013 8:09:47 PM,5/12/2013,-74.42615,39.36295,181
Burlington,11/28/2013 9:11:17 PM,11/28/2013,-74.94806,39.92268,182
Burlington,8/6/2013 11:54:42 AM,8/6/2013,-74.94023,39.90927,183
Camden,12/12/2013 9:53:13 PM,12/12/2013,-74.92494,39.83862,184
Camden,6/20/2013 2:12:33 PM,6/20/2013,-75.12343,39.9442,185
Burlington,12/12/2013 10:24:14 PM,12/12/2013,-75.01146,39.97653,186
Burlington,2/14/2013 1:02:00 PM,2/14/2013,-74.92656,39.89213,187
Burlington,12/31/2013 5:38:14 PM,12/31/2013,-75.0005,39.96538,188
Camden,8/15/2013 2:14:16 PM,8/15/2013,-75.07451,39.93928,189
Burlington,2/14/2013 12:47:05 PM,2/14/2013,-74.97354,39.93987,190
Atlantic,12/12/2013 4:14:21 PM,12/12/2013,-74.42094,39.36343,191
Camden,12/27/2013 6:49:57 PM,12/27/2013,-75.02819,39.94886,192
Camden,6/16/2013 11:37:12 AM,6/16/2013,-74.93018,39.81479,193
Atlantic,3/31/2013 3:19:26 PM,3/31/2013,-74.48526,39.37881,194
Camden,8/6/2013 11:32:13 AM,8/6/2013,-75.02409,39.98948,195
Camden,6/20/2013 2:05:45 PM,6/20/2013,-75.12998,39.94603,196
Camden,8/6/2013 8:33:07 PM,8/6/2013,-74.87967,39.66201,197
Camden,6/20/2013 2:05:21 PM,6/20/2013,-75.12997,39.94508,198
Atlantic,1/1/2013 5:01:51 PM,1/1/2013,-74.43232,39.36038,199
Burlington,11/28/2013 12:43:40 PM,11/28/2013,-74.98723,39.95101,200
Camden,5/10/2013 5:01:24 PM,5/10/2013,-75.02442,39.94471,201
Camden,9/2/2013 5:58:17 PM,9/2/2013,-74.91036,39.78785,202
Burlington,11/28/2013 12:41:15 PM,11/28/2013,-75.00796,39.97229,203
Burlington,12/12/2013 1:26:25 PM,12/12/2013,-74.95925,39.93035,204
Atlantic,1/1/2014 4:15:25 PM,1/1/2014,-74.433,39.35814,205
Camden,12/27/2013 3:23:17 PM,12/27/2013,-75.02439,39.94504,206
Camden,11/28/2013 1:31:15 PM,11/28/2013,-74.87712,39.65145,207
Camden,11/28/2013 12:55:30 PM,11/28/2013,-74.92776,39.82622,208
Atlantic,12/12/2013 2:54:40 PM,12/12/2013,-74.43728,39.36015,209
Burlington,6/16/2013 11:19:04 AM,6/16/2013,-75.03714,40.00346,210
Camden,2/11/2013 6:26:41 PM,2/11/2013,-75.02069,39.97693,211
Camden,6/20/2013 1:54:42 PM,6/20/2013,-75.06419,39.95193,212
Camden,2/11/2013 6:27:42 PM,2/11/2013,-75.01612,39.98166,213
Burlington,1/1/2014 8:50:52 PM,1/1/2014,-74.92169,39.85773,214
Camden,12/27/2013 7:10:40 PM,12/27/2013,-75.02792,39.99189,215
Atlantic,6/16/2013 12:45:40 PM,6/16/2013,-74.42718,39.36442,216
Atlantic,3/31/2013 3:10:08 PM,3/31/2013,-74.4237,39.36395,217
Camden,9/2/2013 12:05:23 PM,9/2/2013,-74.90117,39.71769,218
Burlington,5/12/2013 12:06:33 PM,5/12/2013,-74.92659,39.89211,219
Camden,1/25/2014 2:48:19 PM,1/25/2014,-75.02688,39.95348,220
Camden,8/15/2013 4:16:49 PM,8/15/2013,-75.02113,39.98731,221
Camden,1/25/2014 2:44:14 PM,1/25/2014,-75.02358,39.98901,222
Atlantic,3/31/2013 12:39:28 PM,3/31/2013,-74.43472,39.36005,223
Burlington,9/2/2013 6:54:08 PM,9/2/2013,-75.03609,40.00072,224
Atlantic,5/12/2013 1:14:17 PM,5/12/2013,-74.43293,39.35749,225
Camden,2/14/2013 6:15:34 PM,2/14/2013,-74.92359,39.84521,226
Burlington,12/12/2013 10:30:51 PM,12/12/2013,-75.03277,39.99656,227
Camden,1/25/2014 2:59:56 PM,1/25/2014,-75.02682,39.9456,228
Camden,12/12/2013 9:26:47 PM,12/12/2013,-74.89614,39.70388,229
Atlantic,5/12/2013 8:11:40 PM,5/12/2013,-74.43315,39.36012,230
Atlantic,5/12/2013 8:08:47 PM,5/12/2013,-74.42494,39.36342,231
Atlantic,1/1/2014 1:41:21 PM,1/1/2014,-74.42441,39.36562,232
Atlantic,3/31/2013 3:14:52 PM,3/31/2013,-74.43645,39.35877,233
Camden,1/1/2014 5:22:50 AM,1/1/2014,-74.87876,39.66001,234
Camden,1/25/2014 3:01:37 PM,1/25/2014,-75.0254,39.94503,235
Camden,3/31/2013 3:44:22 PM,3/31/2013,-74.87061,39.64768,236
Camden,9/2/2013 11:42:54 AM,9/2/2013,-74.93035,39.8134,237
Camden,5/12/2013 9:09:23 PM,5/12/2013,-74.9258,39.8352,238
Atlantic,2/14/2013 2:10:32 PM,2/14/2013,-74.43904,39.36036,239
Camden,9/2/2013 11:42:54 AM,9/2/2013,-74.93035,39.8134,240
Burlington,3/31/2013 4:26:51 PM,3/31/2013,-75.03771,40.00592,241
Camden,8/6/2013 8:43:54 PM,8/6/2013,-74.91472,39.79049,242
Atlantic,10/14/2013 3:17:46 PM,10/14/2013,-74.43699,39.36043,243
Camden,2/11/2013 6:23:55 PM,2/11/2013,-75.02726,39.95112,244
Burlington,8/15/2013 3:11:46 PM,8/15/2013,-74.97313,39.93785,245
Burlington,1/1/2013 6:13:27 PM,1/1/2013,-74.9957,39.96311,246
Burlington,2/11/2013 6:49:17 PM,2/11/2013,-75.03809,40.00661,247
Burlington,3/31/2013 4:26:26 PM,3/31/2013,-75.03671,40.00273,248
Camden,3/22/2013 2:50:47 PM,3/22/2013,-75.02888,39.93623,249
Camden,5/12/2013 9:04:25 PM,5/12/2013,-74.92181,39.79501,250
Camden,9/2/2013 6:02:15 PM,9/2/2013,-74.90544,39.78499,251
Camden,9/2/2013 12:05:23 PM,9/2/2013,-74.90117,39.71769,252
Atlantic,3/31/2013 3:11:07 PM,3/31/2013,-74.42623,39.36285,253
Camden,3/22/2013 2:51:24 PM,3/22/2013,-75.0282,39.93664,254
Atlantic,9/2/2013 3:11:13 PM,9/2/2013,-74.43026,39.35927,255
Burlington,12/12/2013 1:24:03 PM,12/12/2013,-74.96252,39.93249,256
Camden,8/23/2013 5:30:33 PM,8/23/2013,-75.02655,39.99156,257
Atlantic,12/31/2013 11:18:39 PM,12/31/2013,-74.42113,39.36367,258
Atlantic,3/31/2013 3:11:58 PM,3/31/2013,-74.43227,39.36041,259
Camden,1/25/2014 2:49:33 PM,1/25/2014,-75.02765,39.94981,260
Camden,5/10/2013 5:32:19 PM,5/10/2013,-75.02176,39.98814,261
Camden,2/14/2013 5:47:11 PM,2/14/2013,-74.87066,39.64787,262
Camden,9/2/2013 6:43:36 PM,9/2/2013,-75.02177,39.98809,263
Atlantic,5/12/2013 8:07:49 PM,5/12/2013,-74.42251,39.36438,264
Burlington,12/12/2013 10:20:11 PM,12/12/2013,-74.98854,39.95897,265
Camden,12/27/2013 3:05:53 PM,12/27/2013,-75.02635,39.95553,266
Camden,8/15/2013 3:50:48 PM,8/15/2013,-74.92318,39.79541,267
Burlington,10/14/2013 8:40:07 PM,10/14/2013,-74.9429,39.91409,268
Camden,2/14/2013 1:41:47 PM,2/14/2013,-74.87319,39.64839,269
Burlington,8/23/2013 5:32:43 PM,8/23/2013,-75.03595,40.00034,270
Atlantic,3/31/2013 3:16:59 PM,3/31/2013,-74.44037,39.36238,271
Atlantic,1/1/2013 4:53:50 PM,1/1/2013,-74.42265,39.36438,272
Atlantic,1/1/2014 1:42:39 PM,1/1/2014,-74.42202,39.36505,273
Burlington,1/1/2014 8:58:21 PM,1/1/2014,-74.94738,39.92167,274
Camden,2/11/2013 3:26:04 PM,2/11/2013,-75.02218,39.97474,275
Atlantic,5/12/2013 1:13:21 PM,5/12/2013,-74.434,39.35887,276
Camden,2/11/2013 6:23:55 PM,2/11/2013,-75.02726,39.95112,277
Camden,9/2/2013 12:05:23 PM,9/2/2013,-74.90117,39.71769,278
Atlantic,1/1/2013 5:04:32 PM,1/1/2013,-74.43659,39.35922,279
Burlington,2/14/2013 6:22:50 PM,2/14/2013,-74.93415,39.90186,280
Atlantic,3/31/2013 3:19:26 PM,3/31/2013,-74.48526,39.37881,281
Camden,11/28/2013 8:29:36 PM,11/28/2013,-74.87007,39.64726,282
Camden,5/10/2013 2:30:27 PM,5/10/2013,-75.02504,39.93895,283
Camden,8/23/2013 4:46:41 PM,8/23/2013,-75.02859,39.94463,284
Atlantic,3/31/2013 3:12:58 PM,3/31/2013,-74.43359,39.35984,285
Atlantic,1/1/2014 4:48:43 AM,1/1/2014,-74.42892,39.36185,286
Burlington,3/31/2013 4:26:51 PM,3/31/2013,-75.03771,40.00592,287
Camden,3/22/2013 5:09:17 PM,3/22/2013,-75.02554,39.95895,288
Camden,5/12/2013 12:12:32 PM,5/12/2013,-74.92747,39.8276,289
Atlantic,2/14/2013 2:04:42 PM,2/14/2013,-74.52105,39.40035,290
Camden,5/10/2013 2:20:42 PM,5/10/2013,-75.02583,39.95797,291
Atlantic,1/1/2013 5:10:42 PM,1/1/2013,-74.43825,39.36172,292
Atlantic,3/31/2013 2:15:02 PM,3/31/2013,-74.42103,39.36359,293
Atlantic,1/1/2014 4:57:30 AM,1/1/2014,-74.50953,39.39076,294
Burlington,8/15/2013 3:30:11 PM,8/15/2013,-74.93637,39.90429,295
Camden,2/11/2013 6:30:21 PM,2/11/2013,-75.02233,39.98748,296
Camden,8/15/2013 2:34:01 PM,8/15/2013,-75.04527,39.93592,297
Camden,9/2/2013 12:05:23 PM,9/2/2013,-74.90117,39.71769,298
Camden,5/10/2013 2:29:48 PM,5/10/2013,-75.02261,39.94001,299
Camden,1/25/2014 3:07:07 PM,1/25/2014,-75.03044,39.93693,300
Burlington,2/14/2013 1:02:10 PM,2/14/2013,-74.9252,39.89015,301
Burlington,1/1/2014 8:55:48 PM,1/1/2014,-74.93297,39.90048,302
Camden,1/25/2014 2:49:33 PM,1/25/2014,-75.02765,39.94981,303
Camden,8/23/2013 3:51:22 PM,8/23/2013,-75.02571,39.93946,304
Camden,6/20/2013 2:17:19 PM,6/20/2013,-75.08422,39.93473,305
Atlantic,1/1/2014 1:21:12 PM,1/1/2014,-74.68841,39.51468,306
Camden,6/20/2013 2:37:07 PM,6/20/2013,-75.0272,39.99126,307
Burlington,3/31/2013 4:14:09 PM,3/31/2013,-74.98765,39.95663,308
Camden,6/20/2013 2:06:48 PM,6/20/2013,-75.12916,39.94854,309
Camden,5/10/2013 4:58:14 PM,5/10/2013,-75.02729,39.94368,310
Camden,9/2/2013 11:59:39 AM,9/2/2013,-74.9103,39.78745,311
Camden,8/15/2013 2:33:41 PM,8/15/2013,-75.04685,39.93527,312
Burlington,8/6/2013 11:48:13 AM,8/6/2013,-74.9577,39.92927,313
Camden,6/16/2013 6:56:09 PM,6/16/2013,-74.92886,39.82077,314
Camden,6/20/2013 2:24:49 PM,6/20/2013,-75.07691,39.93721,315
Atlantic,2/14/2013 2:10:47 PM,2/14/2013,-74.43773,39.36011,316
Camden,2/11/2013 6:21:26 PM,2/11/2013,-75.02713,39.9449,317
Camden,8/6/2013 8:35:32 PM,8/6/2013,-74.89097,39.68907,318
Burlington,12/12/2013 10:31:58 PM,12/12/2013,-75.03814,40.00667,319
Camden,3/31/2013 3:45:30 PM,3/31/2013,-74.87933,39.6614,320
Camden,5/10/2013 5:26:26 PM,5/10/2013,-75.02793,39.94804,321
Atlantic,11/28/2013 2:00:52 PM,11/28/2013,-74.43736,39.3603,322
Atlantic,2/14/2013 5:18:54 PM,2/14/2013,-74.43452,39.35947,323
Camden,2/14/2013 6:33:09 PM,2/14/2013,-75.02059,39.98664,324
Atlantic,8/6/2013 7:50:13 PM,8/6/2013,-74.43256,39.36034,325
Camden,3/22/2013 2:31:52 PM,3/22/2013,-75.02626,39.95582,326
Atlantic,1/1/2013 5:09:12 PM,1/1/2013,-74.4373,39.3601,327
Camden,1/25/2014 2:44:14 PM,1/25/2014,-75.02358,39.98901,328
Camden,9/2/2013 11:41:22 AM,9/2/2013,-74.92785,39.82572,329
Burlington,3/31/2013 4:08:30 PM,3/31/2013,-74.93845,39.90719,330
Burlington,3/31/2013 4:13:17 PM,3/31/2013,-74.98389,39.9468,331
Camden,1/25/2014 2:57:54 PM,1/25/2014,-75.02983,39.93612,332
Camden,2/11/2013 6:23:48 PM,2/11/2013,-75.02747,39.95014,333
Camden,2/11/2013 6:21:46 PM,2/11/2013,-75.02773,39.94504,334
Atlantic,6/16/2013 12:37:26 PM,6/16/2013,-74.51133,39.39336,335
Burlington,8/15/2013 3:24:51 PM,8/15/2013,-74.95381,39.92663,336
Atlantic,2/14/2013 5:15:52 PM,2/14/2013,-74.42213,39.3645,337
Camden,9/2/2013 11:41:16 AM,9/2/2013,-74.92765,39.82662,338
Camden,2/11/2013 3:31:37 PM,2/11/2013,-75.03034,39.93711,339
Camden,6/16/2013 12:00:34 PM,6/16/2013,-74.93177,39.80334,340
Camden,1/25/2014 2:47:59 PM,1/25/2014,-75.02633,39.95587,341
Camden,3/31/2013 3:54:16 PM,3/31/2013,-74.90965,39.78239,342
Camden,2/11/2013 6:22:07 PM,2/11/2013,-75.02806,39.94419,343
Camden,3/31/2013 3:51:35 PM,3/31/2013,-74.91002,39.74351,344
Atlantic,5/12/2013 8:07:04 PM,5/12/2013,-74.4215,39.36424,345
Camden,1/25/2014 3:00:15 PM,1/25/2014,-75.02622,39.94524,346
Atlantic,12/12/2013 2:49:03 PM,12/12/2013,-74.43805,39.35996,347
Burlington,1/25/2014 2:41:18 PM,1/25/2014,-75.0372,40.0034,348
Burlington,2/14/2013 12:52:33 PM,2/14/2013,-74.95744,39.92915,349
Camden,2/11/2013 3:33:27 PM,2/11/2013,-75.02837,39.93679,350
Camden,6/16/2013 6:53:12 PM,6/16/2013,-74.93163,39.80277,351
Atlantic,8/6/2013 1:09:36 PM,8/6/2013,-74.51144,39.39363,352
Atlantic,3/31/2013 3:11:58 PM,3/31/2013,-74.43227,39.36041,353
Burlington,2/14/2013 12:50:08 PM,2/14/2013,-74.96176,39.93201,354
Camden,3/31/2013 3:54:16 PM,3/31/2013,-74.90965,39.78239,355
Burlington,12/31/2013 5:49:33 PM,12/31/2013,-74.92459,39.8893,356
Camden,3/31/2013 3:51:35 PM,3/31/2013,-74.91002,39.74351,357
Burlington,9/2/2013 6:24:18 PM,9/2/2013,-74.93296,39.90045,358
Atlantic,9/2/2013 3:13:36 PM,9/2/2013,-74.42108,39.36367,359
Atlantic,11/28/2013 2:03:55 PM,11/28/2013,-74.42324,39.36604,360
Atlantic,5/12/2013 8:08:25 PM,5/12/2013,-74.42366,39.36395,361
Camden,1/1/2013 6:20:32 PM,1/1/2013,-75.02284,39.98764,362
Atlantic,3/31/2013 3:16:59 PM,3/31/2013,-74.44037,39.36238,363
Burlington,12/12/2013 10:23:14 PM,12/12/2013,-75.0056,39.9704,364
Camden,2/11/2013 6:23:48 PM,2/11/2013,-75.02747,39.95014,365
Camden,1/25/2014 3:06:21 PM,1/25/2014,-75.02935,39.94179,366
Burlington,9/2/2013 6:32:54 PM,9/2/2013,-74.94768,39.92306,367
Atlantic,6/16/2013 6:13:29 PM,6/16/2013,-74.77977,39.58138,368
Burlington,5/12/2013 9:19:25 PM,5/12/2013,-74.94419,39.91627,369
Camden,12/27/2013 3:27:24 PM,12/27/2013,-75.02876,39.9363,370
Camden,2/11/2013 6:22:33 PM,2/11/2013,-75.02837,39.94564,371
Camden,9/2/2013 12:05:23 PM,9/2/2013,-74.90117,39.71769,372
Atlantic,1/1/2014 1:49:55 PM,1/1/2014,-74.42138,39.36404,373
Atlantic,1/1/2013 5:15:02 PM,1/1/2013,-74.50547,39.38657,374
Burlington,3/22/2013 2:27:02 PM,3/22/2013,-75.02893,39.99342,375
Camden,2/11/2013 6:21:46 PM,2/11/2013,-75.02773,39.94504,376
Atlantic,12/12/2013 4:16:22 PM,12/12/2013,-74.43163,39.35866,377
Atlantic,5/12/2013 8:34:00 PM,5/12/2013,-74.7278,39.54715,378
Burlington,2/14/2013 12:55:08 PM,2/14/2013,-74.95444,39.9271,379
Camden,5/12/2013 12:32:42 PM,5/12/2013,-74.91099,39.78809,380
Camden,3/22/2013 2:35:14 PM,3/22/2013,-75.03035,39.93717,381
Camden,8/15/2013 3:02:42 PM,8/15/2013,-75.02446,39.96362,382
Camden,12/12/2013 1:45:38 PM,12/12/2013,-74.93039,39.81324,383
Atlantic,2/14/2013 3:59:10 PM,2/14/2013,-74.41998,39.36386,384
Burlington,9/2/2013 6:34:56 PM,9/2/2013,-74.94928,39.92393,385
Camden,1/25/2014 5:43:36 PM,1/25/2014,-75.02187,39.94443,386
Camden,2/14/2013 1:26:39 PM,2/14/2013,-74.93127,39.80765,387
Camden,5/12/2013 9:08:25 PM,5/12/2013,-74.92735,39.82764,388
Camden,1/25/2014 2:52:53 PM,1/25/2014,-75.03043,39.93685,389
Burlington,5/10/2013 5:49:23 PM,5/10/2013,-75.03824,40.0067,390
Camden,2/11/2013 6:22:07 PM,2/11/2013,-75.02806,39.94419,391
Burlington,2/14/2013 1:00:37 PM,2/14/2013,-74.93731,39.9056,392
Burlington,9/2/2013 11:26:50 AM,9/2/2013,-75.01274,39.97774,393
Burlington,10/14/2013 8:42:28 PM,10/14/2013,-74.94529,39.91813,394
Camden,6/20/2013 2:02:23 PM,6/20/2013,-75.12037,39.94264,395
Burlington,9/2/2013 11:26:50 AM,9/2/2013,-75.01274,39.97774,396
Burlington,8/15/2013 3:23:13 PM,8/15/2013,-74.96189,39.93203,397
Camden,1/1/2014 8:23:20 PM,1/1/2014,-74.87026,39.64744,398
Camden,6/20/2013 2:01:19 PM,6/20/2013,-75.11451,39.94267,399
Atlantic,11/28/2013 3:24:29 PM,11/28/2013,-74.43152,39.35874,400
Camden,5/10/2013 2:28:34 PM,5/10/2013,-75.02451,39.94207,401
Atlantic,2/14/2013 5:15:42 PM,2/14/2013,-74.42155,39.36436,402
Atlantic,6/16/2013 6:13:34 PM,6/16/2013,-74.78035,39.58175,403
Camden,10/14/2013 2:46:11 PM,10/14/2013,-74.88153,39.66594,404
Burlington,6/20/2013 1:46:33 PM,6/20/2013,-75.03924,40.00724,405
Camden,2/11/2013 3:33:20 PM,2/11/2013,-75.02813,39.93674,406
Atlantic,9/2/2013 5:00:23 PM,9/2/2013,-74.74809,39.56069,407
Camden,1/1/2014 5:22:37 AM,1/1/2014,-74.87809,39.65849,408
Camden,12/12/2013 1:44:33 PM,12/12/2013,-74.92798,39.82521,409
Camden,2/11/2013 3:25:05 PM,2/11/2013,-75.01729,39.98287,410
Camden,2/11/2013 3:31:37 PM,2/11/2013,-75.03034,39.93711,411
Camden,2/11/2013 6:30:21 PM,2/11/2013,-75.02233,39.98748,412
Camden,9/2/2013 6:52:56 PM,9/2/2013,-75.02678,39.99174,413
Burlington,8/15/2013 4:07:10 PM,8/15/2013,-74.94839,39.92305,414
Burlington,10/14/2013 8:43:36 PM,10/14/2013,-74.94672,39.92053,415
Burlington,12/27/2013 7:13:50 PM,12/27/2013,-75.0381,40.0066,416
Camden,12/12/2013 2:11:06 PM,12/12/2013,-74.90986,39.74269,417
Camden,12/31/2013 5:29:30 PM,12/31/2013,-75.01936,39.97843,418
Camden,1/25/2014 2:50:03 PM,1/25/2014,-75.02811,39.94746,419
Camden,2/11/2013 3:32:23 PM,2/11/2013,-75.02841,39.93653,420
Camden,9/2/2013 11:42:54 AM,9/2/2013,-74.93035,39.8134,421
Burlington,9/2/2013 11:26:50 AM,9/2/2013,-75.01274,39.97774,422
Camden,12/31/2013 5:31:04 PM,12/31/2013,-75.02424,39.96523,423
Burlington,10/14/2013 8:36:50 PM,10/14/2013,-74.93392,39.90154,424
Burlington,3/22/2013 5:30:40 PM,3/22/2013,-75.03743,40.00506,425
Camden,10/14/2013 2:32:54 PM,10/14/2013,-74.93115,39.8083,426
Camden,6/20/2013 2:00:17 PM,6/20/2013,-75.10981,39.94194,427
Camden,11/28/2013 8:32:18 PM,11/28/2013,-74.8874,39.67979,428
Camden,8/23/2013 2:13:07 PM,8/23/2013,-75.03044,39.93685,429
Burlington,11/28/2013 12:33:36 PM,11/28/2013,-75.0289,39.99331,430
Camden,2/11/2013 3:33:27 PM,2/11/2013,-75.02837,39.93679,431
Camden,1/1/2013 1:12:18 PM,1/1/2013,-74.87693,39.65112,432
Camden,8/23/2013 3:51:46 PM,8/23/2013,-75.0274,39.93934,433
Camden,2/11/2013 6:21:26 PM,2/11/2013,-75.02713,39.9449,434
Camden,8/6/2013 12:45:57 PM,8/6/2013,-74.87314,39.64845,435
Camden,12/27/2013 6:51:35 PM,12/27/2013,-75.0255,39.95922,436
Burlington,8/6/2013 9:07:51 PM,8/6/2013,-74.96657,39.93528,437
Burlington,6/20/2013 2:47:05 PM,6/20/2013,-75.0359,40.00023,438
Camden,8/15/2013 4:16:54 PM,8/15/2013,-75.02175,39.98798,439
Burlington,2/14/2013 6:22:05 PM,2/14/2013,-74.92907,39.89565,440
Camden,9/2/2013 6:11:11 PM,9/2/2013,-74.93094,39.80863,441
Atlantic,3/31/2013 3:39:30 PM,3/31/2013,-74.79372,39.59065,442
Burlington,9/2/2013 11:32:31 AM,9/2/2013,-74.95139,39.92503,443
Camden,8/6/2013 12:12:43 PM,8/6/2013,-74.93028,39.81392,444
Atlantic,1/1/2013 4:51:55 PM,1/1/2013,-74.42099,39.36402,445
Atlantic,2/14/2013 2:11:17 PM,2/14/2013,-74.43637,39.36068,446
Camden,1/25/2014 3:02:19 PM,1/25/2014,-75.02629,39.9461,447
Atlantic,9/2/2013 4:18:33 PM,9/2/2013,-74.42151,39.36423,448
Burlington,1/25/2014 2:41:28 PM,1/25/2014,-75.0368,40.00227,449
Burlington,12/12/2013 10:05:32 PM,12/12/2013,-74.94232,39.91316,450
Burlington,12/31/2013 5:43:55 PM,12/31/2013,-74.95561,39.92791,451
Burlington,9/2/2013 6:55:28 PM,9/2/2013,-75.03824,40.00668,452
Atlantic,5/12/2013 3:53:39 PM,5/12/2013,-74.43009,39.35938,453
Burlington,12/31/2013 5:18:30 PM,12/31/2013,-75.02893,39.99331,454
Atlantic,11/28/2013 8:05:47 PM,11/28/2013,-74.50951,39.39047,455
Camden,10/14/2013 8:25:38 PM,10/14/2013,-74.93159,39.80421,456
Camden,9/2/2013 5:59:56 PM,9/2/2013,-74.90654,39.78578,457
Burlington,2/11/2013 6:49:31 PM,2/11/2013,-75.03834,40.00683,458
Atlantic,8/6/2013 12:58:19 PM,8/6/2013,-74.68721,39.51375,459
Camden,3/22/2013 5:05:37 PM,3/22/2013,-75.02893,39.94316,460
Camden,5/12/2013 12:13:10 PM,5/12/2013,-74.9286,39.82258,461
Camden,12/31/2013 6:00:19 PM,12/31/2013,-74.93031,39.81378,462
Burlington,2/14/2013 12:37:59 PM,2/14/2013,-75.03709,40.00311,463
Camden,6/16/2013 6:53:41 PM,6/16/2013,-74.93158,39.80413,464
Camden,2/14/2013 1:31:24 PM,2/14/2013,-74.91241,39.76801,465
Camden,6/20/2013 1:56:45 PM,6/20/2013,-75.07528,39.93832,466
Burlington,12/31/2013 5:45:00 PM,12/31/2013,-74.95091,39.92476,467
Camden,5/12/2013 12:43:00 PM,5/12/2013,-74.8723,39.65018,468
Camden,6/20/2013 2:32:16 PM,6/20/2013,-75.02184,39.98171,469
Burlington,12/31/2013 5:49:14 PM,12/31/2013,-74.92686,39.8926,470
Camden,6/20/2013 2:35:08 PM,6/20/2013,-75.02568,39.99091,471
Atlantic,5/12/2013 1:12:25 PM,5/12/2013,-74.43592,39.36089,472
Camden,5/12/2013 11:57:19 AM,5/12/2013,-75.01616,39.98166,473
Camden,11/28/2013 12:57:15 PM,11/28/2013,-74.93026,39.81402,474
Camden,8/6/2013 12:32:42 PM,8/6/2013,-74.93172,39.80404,475
Atlantic,6/16/2013 2:09:44 PM,6/16/2013,-74.42089,39.36332,476
Camden,8/23/2013 2:27:30 PM,8/23/2013,-75.02903,39.94106,477
Camden,9/2/2013 5:47:27 PM,9/2/2013,-74.88009,39.66297,478
Atlantic,2/14/2013 5:15:17 PM,2/14/2013,-74.42097,39.36409,479
Camden,12/12/2013 2:03:58 PM,12/12/2013,-74.93129,39.80722,480
Camden,6/20/2013 2:45:30 PM,6/20/2013,-75.02801,39.99181,481
Camden,8/6/2013 8:45:23 PM,8/6/2013,-74.93158,39.80257,482
Atlantic,2/14/2013 2:12:52 PM,2/14/2013,-74.43281,39.35743,483
Burlington,1/1/2013 6:22:57 PM,1/1/2013,-75.03773,40.00585,484
Camden,5/10/2013 2:26:05 PM,5/10/2013,-75.0262,39.94528,485
Burlington,1/1/2014 9:07:53 PM,1/1/2014,-75.03817,40.00673,486
Burlington,12/12/2013 1:28:17 PM,12/12/2013,-74.95678,39.9287,487
Camden,6/20/2013 2:21:34 PM,6/20/2013,-75.0761,39.9374,488
Burlington,3/31/2013 4:26:51 PM,3/31/2013,-75.03771,40.00592,489
Camden,8/15/2013 3:00:32 PM,8/15/2013,-75.0283,39.94604,490
Camden,11/28/2013 8:43:32 PM,11/28/2013,-74.91037,39.74465,491
Atlantic,3/31/2013 3:08:50 PM,3/31/2013,-74.42093,39.36403,492
Camden,11/28/2013 8:47:23 PM,11/28/2013,-74.91561,39.79105,493
Burlington,5/12/2013 12:01:17 PM,5/12/2013,-74.9777,39.94252,494
Burlington,11/28/2013 9:20:11 PM,11/28/2013,-75.03688,40.00312,495
Camden,1/1/2014 5:21:29 AM,1/1/2014,-74.87095,39.64814,496
Camden,12/31/2013 6:19:26 PM,12/31/2013,-74.92614,39.79735,497
Burlington,11/28/2013 9:15:33 PM,11/28/2013,-74.99397,39.96238,498
Atlantic,12/12/2013 2:47:41 PM,12/12/2013,-74.44037,39.36215,499
Camden,3/22/2013 5:05:27 PM,3/22/2013,-75.02916,39.94212,500
Camden,12/27/2013 3:07:53 PM,12/27/2013,-75.02843,39.9459,501
Camden,3/31/2013 3:55:52 PM,3/31/2013,-74.92239,39.7949,502
Camden,11/28/2013 12:57:32 PM,11/28/2013,-74.93078,39.81264,503
Atlantic,3/31/2013 12:33:35 PM,3/31/2013,-74.51049,39.39175,504
Camden,12/12/2013 9:47:25 PM,12/12/2013,-74.92195,39.79488,505
Burlington,10/14/2013 8:49:59 PM,10/14/2013,-74.98513,39.94783,506
Camden,1/1/2014 8:46:56 PM,1/1/2014,-74.92849,39.82227,507
Atlantic,1/1/2013 5:03:00 PM,1/1/2013,-74.43509,39.35939,508
Camden,5/10/2013 4:57:55 PM,5/10/2013,-75.02816,39.94309,509
Atlantic,3/31/2013 3:10:26 PM,3/31/2013,-74.42484,39.36348,510
Burlington,10/14/2013 8:40:37 PM,10/14/2013,-74.94333,39.91481,511
Camden,2/11/2013 6:25:14 PM,2/11/2013,-75.02466,39.96301,512
Camden,1/25/2014 2:52:53 PM,1/25/2014,-75.03043,39.93685,513
Atlantic,10/14/2013 7:58:48 PM,10/14/2013,-74.68457,39.51234,514
Camden,2/11/2013 6:27:42 PM,2/11/2013,-75.01612,39.98166,515
Camden,6/20/2013 2:13:24 PM,6/20/2013,-75.12012,39.94406,516
Burlington,12/31/2013 5:38:26 PM,12/31/2013,-74.99877,39.96427,517
Camden,2/11/2013 6:26:41 PM,2/11/2013,-75.02069,39.97693,518
Camden,5/12/2013 12:38:30 PM,5/12/2013,-74.89588,39.71172,519
Atlantic,1/1/2014 4:14:45 PM,1/1/2014,-74.43146,39.35877,520
Burlington,9/2/2013 6:21:50 PM,9/2/2013,-74.92215,39.8852,521
Camden,12/12/2013 12:56:19 PM,12/12/2013,-75.02414,39.98946,522
Atlantic,3/31/2013 3:24:01 PM,3/31/2013,-74.55733,39.41571,523
Atlantic,3/31/2013 3:09:19 PM,3/31/2013,-74.42153,39.36434,524
Burlington,12/12/2013 1:22:45 PM,12/12/2013,-74.96541,39.93444,525
Camden,2/11/2013 6:25:14 PM,2/11/2013,-75.02466,39.96301,526
Camden,2/11/2013 6:28:34 PM,2/11/2013,-75.02165,39.98794,527
Burlington,12/12/2013 10:05:53 PM,12/12/2013,-74.94258,39.91359,528
Camden,6/20/2013 2:06:56 PM,6/20/2013,-75.129,39.94848,529
Camden,3/22/2013 5:13:59 PM,3/22/2013,-75.02215,39.9879,530
Camden,12/12/2013 9:47:47 PM,12/12/2013,-74.92353,39.79569,531
Camden,3/22/2013 5:12:16 PM,3/22/2013,-75.01627,39.98141,532
Camden,3/31/2013 3:55:44 PM,3/31/2013,-74.92072,39.79393,533
Burlington,2/14/2013 12:55:30 PM,2/14/2013,-74.95385,39.92672,534
Camden,5/10/2013 2:19:29 PM,5/10/2013,-75.0236,39.96829,535
Camden,8/23/2013 5:12:50 PM,8/23/2013,-75.02304,39.98804,536
Atlantic,3/31/2013 3:13:50 PM,3/31/2013,-74.43466,39.35941,537
Camden,2/11/2013 3:26:04 PM,2/11/2013,-75.02218,39.97474,538
Atlantic,3/31/2013 3:08:40 PM,3/31/2013,-74.42053,39.36395,539
Camden,2/14/2013 6:15:28 PM,2/14/2013,-74.92385,39.84405,540
Atlantic,3/31/2013 3:39:30 PM,3/31/2013,-74.79372,39.59065,541
Camden,5/10/2013 2:30:32 PM,5/10/2013,-75.02567,39.93892,542
Atlantic,6/16/2013 6:14:06 PM,6/16/2013,-74.78251,39.58314,543
Atlantic,12/31/2013 7:22:34 PM,12/31/2013,-74.43884,39.36002,544
Atlantic,1/1/2014 1:39:18 PM,1/1/2014,-74.43724,39.36037,545
Burlington,10/14/2013 8:34:15 PM,10/14/2013,-74.92233,39.88571,546
Camden,1/25/2014 2:57:54 PM,1/25/2014,-75.02983,39.93612,547
Atlantic,9/2/2013 12:24:04 PM,9/2/2013,-74.68744,39.514,548
Camden,1/25/2014 2:44:14 PM,1/25/2014,-75.02358,39.98901,549
Camden,1/1/2014 1:06:57 PM,1/1/2014,-74.87886,39.66061,550
Camden,12/12/2013 12:56:28 PM,12/12/2013,-75.02332,39.98841,551
Atlantic,3/31/2013 3:08:40 PM,3/31/2013,-74.42053,39.36395,552
Atlantic,9/2/2013 4:19:14 PM,9/2/2013,-74.42273,39.36435,553
Camden,8/6/2013 9:33:29 PM,8/6/2013,-75.02426,39.98975,554
Burlington,3/31/2013 4:08:30 PM,3/31/2013,-74.93845,39.90719,555
Burlington,3/31/2013 4:13:17 PM,3/31/2013,-74.98389,39.9468,556
Camden,12/27/2013 3:25:30 PM,12/27/2013,-75.02868,39.94473,557
Atlantic,1/1/2013 5:11:49 PM,1/1/2013,-74.4497,39.36499,558
Camden,2/11/2013 3:27:00 PM,2/11/2013,-75.02415,39.9655,559
Camden,5/10/2013 5:02:24 PM,5/10/2013,-75.0225,39.94534,560
Camden,11/28/2013 1:17:05 PM,11/28/2013,-74.93172,39.80285,561
Camden,2/11/2013 6:23:48 PM,2/11/2013,-75.02747,39.95014,562
Camden,2/11/2013 6:21:46 PM,2/11/2013,-75.02773,39.94504,563
Camden,2/11/2013 3:32:54 PM,2/11/2013,-75.02806,39.93662,564
Burlington,8/15/2013 4:01:25 PM,8/15/2013,-74.92227,39.88545,565
Camden,12/12/2013 9:51:51 PM,12/12/2013,-74.92724,39.82749,566
Camden,1/25/2014 3:02:51 PM,1/25/2014,-75.02738,39.94647,567
Atlantic,1/1/2014 5:09:27 AM,1/1/2014,-74.68554,39.51313,568
Burlington,8/15/2013 4:08:11 PM,8/15/2013,-74.95658,39.92862,569
Camden,5/10/2013 2:17:55 PM,5/10/2013,-75.01815,39.97922,570
Atlantic,8/6/2013 1:13:59 PM,8/6/2013,-74.43948,39.361,571
Camden,2/11/2013 6:21:46 PM,2/11/2013,-75.02773,39.94504,572
Burlington,12/27/2013 3:00:14 PM,12/27/2013,-75.03729,40.00362,573
Burlington,11/28/2013 9:08:31 PM,11/28/2013,-74.93357,39.9011,574
Burlington,12/31/2013 5:49:39 PM,12/31/2013,-74.92406,39.88852,575
Camden,3/31/2013 3:49:28 PM,3/31/2013,-74.89685,39.71472,576
Burlington,9/2/2013 6:26:56 PM,9/2/2013,-74.94477,39.91731,577
Camden,2/11/2013 6:30:08 PM,2/11/2013,-75.02215,39.98789,578
Camden,8/15/2013 3:55:43 PM,8/15/2013,-74.92511,39.83834,579
Atlantic,3/31/2013 3:10:26 PM,3/31/2013,-74.42484,39.36348,580
Camden,12/12/2013 9:21:09 PM,12/12/2013,-74.87014,39.64735,581
Camden,12/27/2013 3:06:07 PM,12/27/2013,-75.02676,39.95379,582
Burlington,8/15/2013 4:06:10 PM,8/15/2013,-74.94644,39.92002,583
Camden,6/20/2013 2:00:04 PM,6/20/2013,-75.10883,39.94145,584
Atlantic,12/12/2013 8:57:14 PM,12/12/2013,-74.50929,39.39039,585
Burlington,2/14/2013 12:43:57 PM,2/14/2013,-74.98745,39.95348,586
Camden,2/11/2013 6:30:21 PM,2/11/2013,-75.02233,39.98748,587
Atlantic,12/12/2013 4:17:14 PM,12/12/2013,-74.43486,39.35713,588
Atlantic,8/6/2013 1:13:43 PM,8/6/2013,-74.44193,39.36281,589
Camden,11/28/2013 1:18:34 PM,11/28/2013,-74.92581,39.79709,590
Camden,5/10/2013 4:58:54 PM,5/10/2013,-75.02678,39.94558,591
Burlington,8/15/2013 4:14:58 PM,8/15/2013,-75.00531,39.97006,592
Camden,3/22/2013 2:34:17 PM,3/22/2013,-75.02862,39.94505,593
Camden,6/20/2013 2:01:30 PM,6/20/2013,-75.11629,39.94254,594
Burlington,10/14/2013 8:40:52 PM,10/14/2013,-74.94362,39.91531,595
Burlington,12/12/2013 10:08:49 PM,12/12/2013,-74.94471,39.91715,596
Burlington,2/14/2013 12:39:04 PM,2/14/2013,-75.02967,39.99395,597
Atlantic,2/14/2013 3:56:45 PM,2/14/2013,-74.43124,39.35878,598
Camden,6/20/2013 1:51:16 PM,6/20/2013,-75.03905,39.9732,599
Camden,10/14/2013 8:27:18 PM,10/14/2013,-74.9285,39.82239,600
Camden,1/25/2014 2:49:33 PM,1/25/2014,-75.02765,39.94981,601
Camden,8/23/2013 2:12:25 PM,8/23/2013,-75.02928,39.94209,602
Atlantic,9/2/2013 12:35:42 PM,9/2/2013,-74.5109,39.39239,603
Atlantic,6/16/2013 2:11:04 PM,6/16/2013,-74.42508,39.36149,604
Camden,1/1/2014 8:44:12 PM,1/1/2014,-74.92339,39.79556,605
Camden,6/16/2013 6:56:19 PM,6/16/2013,-74.92859,39.82213,606
Atlantic,6/16/2013 5:48:07 PM,6/16/2013,-74.43888,39.36075,607
Camden,5/10/2013 5:02:05 PM,5/10/2013,-75.02331,39.94504,608
Camden,8/15/2013 2:19:47 PM,8/15/2013,-75.07278,39.92722,609
Burlington,12/12/2013 10:03:23 PM,12/12/2013,-74.94115,39.91122,610
Camden,5/10/2013 4:59:27 PM,5/10/2013,-75.02626,39.94488,611
Burlington,3/31/2013 4:14:09 PM,3/31/2013,-74.98765,39.95663,612
Camden,2/14/2013 1:28:21 PM,2/14/2013,-74.92637,39.79747,613
Camden,5/10/2013 2:18:01 PM,5/10/2013,-75.01902,39.97865,614
Atlantic,12/12/2013 4:21:22 PM,12/12/2013,-74.43285,39.35747,615
Burlington,3/22/2013 5:30:33 PM,3/22/2013,-75.03709,40.004,616
Atlantic,10/14/2013 4:54:40 PM,10/14/2013,-74.43139,39.35891,617
Camden,2/11/2013 6:30:21 PM,2/11/2013,-75.02233,39.98748,618
Atlantic,1/1/2014 7:54:15 PM,1/1/2014,-74.43793,39.3595,619
Burlington,2/14/2013 6:22:37 PM,2/14/2013,-74.9329,39.90033,620
Camden,2/14/2013 1:42:17 PM,2/14/2013,-74.87709,39.65135,621
Camden,12/31/2013 6:28:05 PM,12/31/2013,-74.90105,39.71745,622
Camden,10/14/2013 8:22:31 PM,10/14/2013,-74.9095,39.78386,623
Camden,5/10/2013 2:23:30 PM,5/10/2013,-75.028,39.948,624
Burlington,8/15/2013 3:25:59 PM,8/15/2013,-74.9513,39.92497,625
Atlantic,5/12/2013 8:12:13 PM,5/12/2013,-74.43414,39.35975,626
Camden,12/27/2013 6:49:44 PM,12/27/2013,-75.02843,39.9491,627
Camden,3/31/2013 4:01:57 PM,3/31/2013,-74.92365,39.84475,628
Camden,8/15/2013 2:51:27 PM,8/15/2013,-75.03046,39.93674,629
Burlington,12/12/2013 12:53:01 PM,12/12/2013,-75.04211,40.01082,630
Burlington,3/31/2013 4:26:26 PM,3/31/2013,-75.03671,40.00273,631
Camden,5/10/2013 2:20:55 PM,5/10/2013,-75.02617,39.95621,632
Burlington,12/12/2013 10:14:24 PM,12/12/2013,-74.95706,39.92899,633
Camden,3/31/2013 3:55:52 PM,3/31/2013,-74.92239,39.7949,634
Camden,10/14/2013 8:30:53 PM,10/14/2013,-74.92177,39.85342,635
Camden,8/15/2013 2:27:15 PM,8/15/2013,-75.04545,39.9263,636
Camden,5/10/2013 4:58:44 PM,5/10/2013,-75.02713,39.9449,637
Camden,1/25/2014 2:51:15 PM,1/25/2014,-75.02868,39.9448,638
Atlantic,3/31/2013 3:13:13 PM,3/31/2013,-74.43402,39.35969,639
Atlantic,8/6/2013 7:50:50 PM,8/6/2013,-74.43477,39.35949,640
Atlantic,5/12/2013 8:30:43 PM,5/12/2013,-74.6862,39.51366,641
Burlington,11/28/2013 9:15:45 PM,11/28/2013,-74.99615,39.96326,642
Camden,2/11/2013 6:28:23 PM,2/11/2013,-75.02038,39.98664,643
Camden,3/31/2013 3:55:52 PM,3/31/2013,-74.92239,39.7949,644
Atlantic,3/31/2013 3:39:30 PM,3/31/2013,-74.79372,39.59065,645
Atlantic,3/31/2013 12:40:57 PM,3/31/2013,-74.43285,39.35738,646
Camden,1/1/2014 8:35:18 PM,1/1/2014,-74.91956,39.79333,647
Atlantic,3/31/2013 3:08:40 PM,3/31/2013,-74.42053,39.36395,648
Atlantic,1/1/2013 5:09:35 PM,1/1/2013,-74.43693,39.36052,649
Camden,5/10/2013 2:31:30 PM,5/10/2013,-75.0288,39.94042,650
Camden,1/1/2013 6:17:19 PM,1/1/2013,-75.02202,39.98764,651
Atlantic,1/1/2014 7:59:14 PM,1/1/2014,-74.50945,39.39055,652
Burlington,2/14/2013 12:48:07 PM,2/14/2013,-74.96913,39.93693,653
Camden,2/11/2013 3:29:24 PM,2/11/2013,-75.02791,39.94819,654
Burlington,6/16/2013 7:18:10 PM,6/16/2013,-75.03581,39.99972,655
Atlantic,2/14/2013 3:58:57 PM,2/14/2013,-74.4204,39.36423,656
Atlantic,5/12/2013 3:53:23 PM,5/12/2013,-74.43144,39.35883,657
Camden,3/31/2013 12:09:14 PM,3/31/2013,-74.87701,39.6513,658
Atlantic,2/14/2013 2:12:04 PM,2/14/2013,-74.43374,39.35865,659
Camden,12/12/2013 9:35:19 PM,12/12/2013,-74.91548,39.79099,660
Camden,2/11/2013 6:23:55 PM,2/11/2013,-75.02726,39.95112,661
Camden,1/1/2014 8:26:24 PM,1/1/2014,-74.88755,39.68049,662
Burlington,8/15/2013 3:11:21 PM,8/15/2013,-74.97305,39.93943,663
Burlington,6/16/2013 7:08:12 PM,6/16/2013,-74.9466,39.92039,664
Camden,6/16/2013 6:34:18 PM,6/16/2013,-74.92052,39.79396,665
Camden,5/12/2013 12:33:45 PM,5/12/2013,-74.91143,39.77692,666
Atlantic,1/1/2014 1:38:29 PM,1/1/2014,-74.43904,39.36033,667
Burlington,2/14/2013 1:00:53 PM,2/14/2013,-74.93565,39.90355,668
Atlantic,3/31/2013 3:10:26 PM,3/31/2013,-74.42484,39.36348,669
Atlantic,5/12/2013 8:11:24 PM,5/12/2013,-74.43129,39.36085,670
Burlington,2/14/2013 6:26:39 PM,2/14/2013,-74.95831,39.92981,671
Atlantic,5/12/2013 8:14:59 PM,5/12/2013,-74.43835,39.35991,672
Camden,1/25/2014 5:38:01 PM,1/25/2014,-75.02834,39.94388,673
Camden,3/22/2013 2:29:35 PM,3/22/2013,-75.02214,39.97495,674
Camden,5/10/2013 2:23:13 PM,5/10/2013,-75.02783,39.94885,675
Camden,6/20/2013 2:06:09 PM,6/20/2013,-75.12979,39.94707,676
Burlington,8/6/2013 11:49:15 AM,8/6/2013,-74.95509,39.92749,677
Camden,6/16/2013 11:59:10 AM,6/16/2013,-74.93072,39.81271,678
Burlington,9/2/2013 6:33:28 PM,9/2/2013,-74.94849,39.9236,679
Camden,2/11/2013 6:26:41 PM,2/11/2013,-75.02069,39.97693,680
Camden,8/15/2013 2:22:17 PM,8/15/2013,-75.04887,39.92367,681
Atlantic,11/28/2013 2:00:11 PM,11/28/2013,-74.43917,39.36049,682
Camden,2/11/2013 6:27:42 PM,2/11/2013,-75.01612,39.98166,683
Camden,2/11/2013 6:25:14 PM,2/11/2013,-75.02466,39.96301,684
Burlington,10/14/2013 8:38:43 PM,10/14/2013,-74.94128,39.91128,685
Atlantic,5/12/2013 1:12:01 PM,5/12/2013,-74.43893,39.36012,686
Camden,1/25/2014 5:54:45 PM,1/25/2014,-75.02697,39.95225,687
Camden,6/16/2013 6:29:05 PM,6/16/2013,-74.90886,39.73998,688
Camden,8/6/2013 12:46:26 PM,8/6/2013,-74.87716,39.65156,689
Atlantic,12/12/2013 4:20:07 PM,12/12/2013,-74.43634,39.35874,690
Burlington,6/16/2013 7:04:01 PM,6/16/2013,-74.92223,39.88532,691
Camden,8/23/2013 2:26:07 PM,8/23/2013,-75.02967,39.9361,692
Burlington,8/15/2013 4:11:41 PM,8/15/2013,-74.98456,39.94723,693
Camden,8/15/2013 3:57:15 PM,8/15/2013,-74.92172,39.85363,694
Atlantic,1/1/2013 5:02:52 PM,1/1/2013,-74.4344,39.3596,695
Camden,6/16/2013 6:33:24 PM,6/16/2013,-74.91072,39.78816,696
Burlington,3/22/2013 5:29:46 PM,3/22/2013,-75.03267,39.99642,697
Camden,5/10/2013 2:26:15 PM,5/10/2013,-75.0261,39.94489,698
Atlantic,12/12/2013 2:43:09 PM,12/12/2013,-74.51128,39.39338,699
Atlantic,3/31/2013 2:11:41 PM,3/31/2013,-74.43032,39.35934,700
Atlantic,5/12/2013 8:10:53 PM,5/12/2013,-74.4284,39.36202,701
Atlantic,6/16/2013 6:12:54 PM,6/16/2013,-74.77716,39.57972,702
Burlington,8/15/2013 4:11:26 PM,8/15/2013,-74.98274,39.94597,703
Burlington,2/14/2013 12:43:46 PM,2/14/2013,-74.98752,39.9547,704
Atlantic,6/16/2013 6:12:02 PM,6/16/2013,-74.76983,39.57493,705
Atlantic,12/31/2013 7:25:13 PM,12/31/2013,-74.43368,39.35865,706
Camden,5/12/2013 8:43:36 PM,5/12/2013,-74.87957,39.66183,707
Camden,12/31/2013 5:19:18 PM,12/31/2013,-75.0273,39.99196,708
Camden,10/14/2013 8:18:59 PM,10/14/2013,-74.90883,39.73991,709
Camden,6/16/2013 11:37:38 AM,6/16/2013,-74.9308,39.81254,710
Atlantic,8/6/2013 1:15:40 PM,8/6/2013,-74.43357,39.35831,711
Burlington,1/25/2014 2:41:28 PM,1/25/2014,-75.0368,40.00227,712
Camden,1/25/2014 2:57:54 PM,1/25/2014,-75.02983,39.93612,713
Camden,2/11/2013 6:26:41 PM,2/11/2013,-75.02069,39.97693,714
Atlantic,1/1/2014 7:54:45 PM,1/1/2014,-74.43848,39.36021,715
Camden,5/12/2013 12:34:15 PM,5/12/2013,-74.91282,39.76957,716
Atlantic,6/16/2013 6:04:00 PM,6/16/2013,-74.68349,39.51161,717
Burlington,8/6/2013 11:55:32 AM,8/6/2013,-74.93906,39.90879,718
Camden,6/20/2013 2:19:06 PM,6/20/2013,-75.07885,39.93556,719
Atlantic,5/12/2013 8:30:53 PM,5/12/2013,-74.68627,39.51372,720
Camden,12/31/2013 5:36:27 PM,12/31/2013,-75.01591,39.97962,721
Camden,2/11/2013 6:27:42 PM,2/11/2013,-75.01612,39.98166,722
Atlantic,6/16/2013 2:11:42 PM,6/16/2013,-74.42621,39.36099,723
Atlantic,12/12/2013 8:51:17 PM,12/12/2013,-74.43501,39.35835,724
Camden,1/1/2013 5:56:08 PM,1/1/2013,-74.93163,39.80346,725
Camden,1/1/2014 8:24:37 PM,1/1/2014,-74.87988,39.66243,726
Camden,12/31/2013 6:23:21 PM,12/31/2013,-74.91156,39.766,727
Atlantic,9/2/2013 3:12:10 PM,9/2/2013,-74.42894,39.35979,728
Burlington,1/25/2014 2:41:23 PM,1/25/2014,-75.03696,40.00273,729
Burlington,2/14/2013 6:31:37 PM,2/14/2013,-75.01098,39.9759,730
Camden,1/1/2013 5:59:43 PM,1/1/2013,-74.92246,39.85015,731
Burlington,12/12/2013 1:29:38 PM,12/12/2013,-74.95454,39.92718,732
Camden,6/20/2013 2:03:58 PM,6/20/2013,-75.12583,39.94295,733
Camden,9/2/2013 11:41:16 AM,9/2/2013,-74.92765,39.82662,734
Atlantic,3/31/2013 3:10:26 PM,3/31/2013,-74.42484,39.36348,735
Burlington,3/31/2013 4:14:42 PM,3/31/2013,-74.99307,39.96209,736
Camden,2/11/2013 6:22:33 PM,2/11/2013,-75.02837,39.94564,737
Camden,8/15/2013 2:24:56 PM,8/15/2013,-75.04457,39.92745,738
Atlantic,1/1/2014 1:37:14 PM,1/1/2014,-74.44025,39.36203,739
Camden,8/6/2013 9:32:40 PM,8/6/2013,-75.02282,39.98858,740
Burlington,3/22/2013 5:30:10 PM,3/22/2013,-75.03589,40.0002,741
Camden,10/14/2013 2:20:33 PM,10/14/2013,-74.9255,39.83742,742
Camden,10/14/2013 2:33:01 PM,10/14/2013,-74.93132,39.80725,743
Burlington,10/14/2013 8:39:35 PM,10/14/2013,-74.94273,39.91378,744
Camden,1/25/2014 2:51:15 PM,1/25/2014,-75.02868,39.9448,745
Camden,9/2/2013 11:41:22 AM,9/2/2013,-74.92785,39.82572,746
Camden,5/12/2013 9:06:25 PM,5/12/2013,-74.93166,39.80352,747
Atlantic,3/31/2013 3:08:50 PM,3/31/2013,-74.42093,39.36403,748
Camden,12/12/2013 1:41:51 PM,12/12/2013,-74.92261,39.85035,749
Burlington,2/14/2013 12:53:52 PM,2/14/2013,-74.9558,39.92806,750
Burlington,8/6/2013 12:03:40 PM,8/6/2013,-74.92374,39.88801,751
Atlantic,3/31/2013 3:13:50 PM,3/31/2013,-74.43466,39.35941,752
Burlington,1/25/2014 2:41:23 PM,1/25/2014,-75.03696,40.00273,753
Atlantic,3/31/2013 3:13:13 PM,3/31/2013,-74.43402,39.35969,754
Camden,12/27/2013 6:36:40 PM,12/27/2013,-75.03071,39.93537,755
Atlantic,1/1/2014 4:50:38 AM,1/1/2014,-74.43516,39.35934,756
Burlington,12/31/2013 5:41:52 PM,12/31/2013,-74.97079,39.93803,757
Camden,5/12/2013 12:29:00 PM,5/12/2013,-74.93065,39.81276,758
Camden,2/11/2013 6:22:07 PM,2/11/2013,-75.02806,39.94419,759
Atlantic,3/31/2013 3:08:40 PM,3/31/2013,-74.42053,39.36395,760
Burlington,2/14/2013 12:59:35 PM,2/14/2013,-74.94343,39.91484,761
Camden,5/12/2013 9:28:38 PM,5/12/2013,-75.02252,39.98841,762
Atlantic,2/14/2013 2:12:52 PM,2/14/2013,-74.43281,39.35743,763
Burlington,11/28/2013 9:20:37 PM,11/28/2013,-75.03797,40.00641,764
Burlington,3/31/2013 4:15:03 PM,3/31/2013,-74.99627,39.96339,765
Burlington,5/12/2013 11:54:47 AM,5/12/2013,-75.03922,40.00718,766
Camden,8/15/2013 3:52:04 PM,8/15/2013,-74.9309,39.80104,767
Atlantic,5/12/2013 3:55:33 PM,5/12/2013,-74.42125,39.36296,768
Camden,8/15/2013 2:29:50 PM,8/15/2013,-75.06564,39.9335,769
Atlantic,3/31/2013 3:24:01 PM,3/31/2013,-74.55733,39.41571,770
Atlantic,1/1/2013 5:08:53 PM,1/1/2013,-74.4371,39.35983,771
Burlington,2/14/2013 12:56:50 PM,2/14/2013,-74.95227,39.92568,772
Burlington,5/12/2013 12:07:54 PM,5/12/2013,-74.9221,39.88342,773
Atlantic,3/31/2013 3:09:19 PM,3/31/2013,-74.42153,39.36434,774
Burlington,2/14/2013 1:02:20 PM,2/14/2013,-74.92412,39.88857,775
Camden,5/10/2013 2:17:29 PM,5/10/2013,-75.0172,39.9828,776
Burlington,5/12/2013 12:04:50 PM,5/12/2013,-74.9412,39.91099,777
Camden,3/31/2013 3:49:28 PM,3/31/2013,-74.89685,39.71472,778
Camden,3/31/2013 3:49:28 PM,3/31/2013,-74.89685,39.71472,779
Burlington,12/31/2013 5:39:54 PM,12/31/2013,-74.98732,39.9515,780
Atlantic,6/16/2013 12:48:17 PM,6/16/2013,-74.41998,39.36378,781
Camden,12/31/2013 6:53:20 PM,12/31/2013,-74.87743,39.65174,782
Atlantic,1/1/2013 3:08:06 PM,1/1/2013,-74.42102,39.36355,783
Burlington,10/14/2013 8:52:23 PM,10/14/2013,-74.99591,39.9632,784
Burlington,3/31/2013 4:06:49 PM,3/31/2013,-74.92834,39.89472,785
Camden,5/10/2013 2:32:24 PM,5/10/2013,-75.03026,39.93748,786
Camden,8/6/2013 12:10:18 PM,8/6/2013,-74.92549,39.83731,787
Camden,5/10/2013 2:21:56 PM,5/10/2013,-75.02721,39.9516,788
Atlantic,1/1/2013 4:52:48 PM,1/1/2013,-74.42146,39.36429,789
Burlington,1/1/2014 8:53:50 PM,1/1/2014,-74.9222,39.88545,790
Camden,5/10/2013 2:33:00 PM,5/10/2013,-75.02889,39.93624,791
Camden,5/12/2013 9:08:35 PM,5/12/2013,-74.92724,39.82822,792
Camden,12/12/2013 1:45:32 PM,12/12/2013,-74.93027,39.8139,793
Atlantic,1/1/2013 5:13:29 PM,1/1/2013,-74.48043,39.37656,794
Atlantic,10/14/2013 3:11:53 PM,10/14/2013,-74.51117,39.39315,795
Camden,1/25/2014 2:47:59 PM,1/25/2014,-75.02633,39.95587,796
Camden,12/31/2013 5:55:39 PM,12/31/2013,-74.92254,39.85036,797
Camden,8/15/2013 2:49:29 PM,8/15/2013,-75.02406,39.93762,798
Camden,5/12/2013 8:54:27 PM,5/12/2013,-74.91887,39.79297,799
Camden,8/6/2013 9:15:30 PM,8/6/2013,-75.02181,39.98817,800
Atlantic,5/12/2013 8:06:06 PM,5/12/2013,-74.42057,39.36392,801
Burlington,8/15/2013 4:07:32 PM,8/15/2013,-74.95116,39.92507,802
Camden,10/14/2013 9:11:30 PM,10/14/2013,-75.02287,39.98765,803
Burlington,10/14/2013 2:10:45 PM,10/14/2013,-74.94684,39.92055,804
Camden,1/25/2014 2:48:19 PM,1/25/2014,-75.02688,39.95348,805
Atlantic,12/12/2013 2:48:33 PM,12/12/2013,-74.43899,39.36024,806
Camden,3/22/2013 2:49:35 PM,3/22/2013,-75.02948,39.93368,807
Camden,5/12/2013 8:44:56 PM,5/12/2013,-74.88724,39.6793,808
Camden,8/15/2013 2:59:38 PM,8/15/2013,-75.02903,39.94283,809
Burlington,2/14/2013 12:53:01 PM,2/14/2013,-74.95711,39.92894,810
Camden,9/2/2013 11:59:39 AM,9/2/2013,-74.9103,39.78745,811
Camden,12/12/2013 10:29:33 PM,12/12/2013,-75.02704,39.99198,812
Burlington,2/11/2013 6:48:29 PM,2/11/2013,-75.03631,40.00143,813
Atlantic,1/1/2014 1:32:52 PM,1/1/2014,-74.51104,39.39285,814
Camden,3/22/2013 5:08:47 PM,3/22/2013,-75.02651,39.95443,815
Camden,2/11/2013 6:21:26 PM,2/11/2013,-75.02713,39.9449,816
Camden,1/25/2014 2:59:56 PM,1/25/2014,-75.02682,39.9456,817
Camden,12/12/2013 12:56:34 PM,12/12/2013,-75.0231,39.98791,818
Camden,9/2/2013 6:16:02 PM,9/2/2013,-74.92324,39.84657,819
Burlington,12/12/2013 10:02:56 PM,12/12/2013,-74.94037,39.90991,820
Burlington,10/14/2013 9:14:51 PM,10/14/2013,-75.03796,40.00642,821
Atlantic,3/31/2013 12:39:18 PM,3/31/2013,-74.43485,39.36023,822
Burlington,8/6/2013 11:50:34 AM,8/6/2013,-74.95304,39.92611,823
Camden,1/25/2014 2:59:56 PM,1/25/2014,-75.02682,39.9456,824
Camden,1/1/2013 6:16:49 PM,1/1/2013,-75.02168,39.98789,825
Camden,2/11/2013 3:25:05 PM,2/11/2013,-75.01729,39.98287,826
Atlantic,10/14/2013 7:48:24 PM,10/14/2013,-74.51112,39.39367,827
Atlantic,5/12/2013 8:13:12 PM,5/12/2013,-74.43516,39.35936,828
Burlington,2/14/2013 12:56:03 PM,2/14/2013,-74.95354,39.92652,829
Camden,1/25/2014 2:44:14 PM,1/25/2014,-75.02358,39.98901,830
Camden,2/14/2013 6:00:33 PM,2/14/2013,-74.92088,39.79448,831
Camden,5/10/2013 5:01:15 PM,5/10/2013,-75.02473,39.9445,832
Camden,8/23/2013 2:05:48 PM,8/23/2013,-75.02219,39.97479,833
Camden,1/25/2014 2:48:19 PM,1/25/2014,-75.02688,39.95348,834
Atlantic,8/6/2013 5:55:26 PM,8/6/2013,-74.42117,39.36368,835
Camden,2/11/2013 3:33:20 PM,2/11/2013,-75.02813,39.93674,836
Burlington,11/28/2013 12:32:10 PM,11/28/2013,-75.03682,40.00234,837
Burlington,3/31/2013 4:08:22 PM,3/31/2013,-74.93747,39.90597,838
Camden,1/25/2014 2:47:59 PM,1/25/2014,-75.02633,39.95587,839
Atlantic,5/12/2013 1:12:42 PM,5/12/2013,-74.43484,39.36025,840
Atlantic,3/31/2013 3:13:13 PM,3/31/2013,-74.43402,39.35969,841
Burlington,12/12/2013 10:11:45 PM,12/12/2013,-74.94717,39.92131,842
Camden,5/10/2013 4:59:15 PM,5/10/2013,-75.02639,39.94527,843
Atlantic,3/31/2013 12:38:58 PM,3/31/2013,-74.43622,39.36075,844
Burlington,5/12/2013 9:24:43 PM,5/12/2013,-74.99163,39.96142,845
Burlington,2/14/2013 12:43:39 PM,2/14/2013,-74.9876,39.95585,846
Camden,9/2/2013 12:05:23 PM,9/2/2013,-74.90117,39.71769,847
Camden,2/11/2013 3:32:23 PM,2/11/2013,-75.02841,39.93653,848
Burlington,9/2/2013 6:25:49 PM,9/2/2013,-74.9389,39.90773,849
Camden,6/20/2013 2:45:57 PM,6/20/2013,-75.02774,39.99216,850
Camden,9/2/2013 6:03:12 PM,9/2/2013,-74.90981,39.78621,851
Atlantic,5/12/2013 1:11:50 PM,5/12/2013,-74.43933,39.36072,852
Camden,2/14/2013 5:49:48 PM,2/14/2013,-74.88744,39.68131,853
Burlington,8/15/2013 3:28:44 PM,8/15/2013,-74.9406,39.90981,854
Camden,2/11/2013 6:45:55 PM,2/11/2013,-75.02289,39.98757,855
Camden,12/27/2013 3:09:49 PM,12/27/2013,-75.02885,39.93628,856
Camden,3/31/2013 3:55:44 PM,3/31/2013,-74.92072,39.79393,857
Camden,9/2/2013 6:43:29 PM,9/2/2013,-75.02091,39.98713,858
Atlantic,11/28/2013 2:04:41 PM,11/28/2013,-74.42094,39.36575,859
Atlantic,12/12/2013 8:53:01 PM,12/12/2013,-74.43875,39.36074,860
Camden,9/2/2013 5:51:58 PM,9/2/2013,-74.89871,39.71573,861
Atlantic,9/2/2013 4:37:57 PM,9/2/2013,-74.50935,39.3904,862
Camden,9/2/2013 5:57:20 PM,9/2/2013,-74.90953,39.78368,863
Camden,1/25/2014 2:49:33 PM,1/25/2014,-75.02765,39.94981,864
Camden,5/12/2013 12:14:20 PM,5/12/2013,-74.93079,39.81255,865
Atlantic,6/16/2013 12:41:50 PM,6/16/2013,-74.43967,39.36126,866
Burlington,1/25/2014 2:41:18 PM,1/25/2014,-75.0372,40.0034,867
Burlington,12/12/2013 10:15:03 PM,12/12/2013,-74.9613,39.9318,868
Camden,6/20/2013 1:59:06 PM,6/20/2013,-75.10544,39.94231,869
Burlington,2/14/2013 12:37:31 PM,2/14/2013,-75.03941,40.00738,870
Camden,2/11/2013 6:28:34 PM,2/11/2013,-75.02165,39.98794,871
Camden,3/31/2013 3:55:52 PM,3/31/2013,-74.92239,39.7949,872
Camden,6/20/2013 2:31:50 PM,6/20/2013,-75.0268,39.97873,873
Burlington,1/25/2014 2:41:18 PM,1/25/2014,-75.0372,40.0034,874
Camden,2/14/2013 6:13:59 PM,2/14/2013,-74.92708,39.82873,875
Atlantic,11/28/2013 1:59:51 PM,11/28/2013,-74.4418,39.36278,876
Camden,3/22/2013 5:09:59 PM,3/22/2013,-75.02491,39.96191,877
Camden,6/20/2013 2:25:36 PM,6/20/2013,-75.07641,39.93708,878
Burlington,8/15/2013 3:23:06 PM,8/15/2013,-74.96275,39.93261,879
Atlantic,3/31/2013 2:13:53 PM,3/31/2013,-74.42152,39.36288,880
Camden,11/28/2013 12:39:31 PM,11/28/2013,-75.02206,39.98754,881
Camden,12/27/2013 6:55:51 PM,12/27/2013,-75.0269,39.99209,882
Camden,12/27/2013 6:33:52 PM,12/27/2013,-75.02984,39.93612,883
Burlington,2/11/2013 6:48:58 PM,2/11/2013,-75.03759,40.0055,884
Camden,2/14/2013 1:37:31 PM,2/14/2013,-74.89321,39.69524,885
Camden,2/11/2013 6:45:55 PM,2/11/2013,-75.02289,39.98757,886
Camden,5/12/2013 12:13:36 PM,5/12/2013,-74.92947,39.8181,887
Camden,8/15/2013 2:58:41 PM,8/15/2013,-75.0301,39.93616,888
Camden,12/27/2013 3:04:28 PM,12/27/2013,-75.02427,39.96518,889
Atlantic,1/1/2013 5:09:04 PM,1/1/2013,-74.43722,39.36,890
Atlantic,9/2/2013 4:20:41 PM,9/2/2013,-74.42994,39.36145,891
Atlantic,2/14/2013 2:11:17 PM,2/14/2013,-74.43637,39.36068,892
Camden,12/27/2013 6:45:32 PM,12/27/2013,-75.02746,39.94659,893
Burlington,12/12/2013 10:06:42 PM,12/12/2013,-74.94283,39.91405,894
Camden,12/27/2013 6:35:23 PM,12/27/2013,-75.02966,39.93402,895
Camden,6/20/2013 2:20:35 PM,6/20/2013,-75.07578,39.93726,896
Burlington,3/31/2013 4:15:03 PM,3/31/2013,-74.99627,39.96339,897
Atlantic,8/6/2013 1:14:56 PM,8/6/2013,-74.43579,39.36092,898
Atlantic,12/12/2013 4:20:51 PM,12/12/2013,-74.43472,39.35937,899
Camden,3/31/2013 3:49:28 PM,3/31/2013,-74.89685,39.71472,900
Burlington,1/1/2013 6:07:14 PM,1/1/2013,-74.94406,39.91599,901
Atlantic,11/28/2013 2:04:27 PM,11/28/2013,-74.42181,39.36659,902
Atlantic,12/12/2013 8:52:25 PM,12/12/2013,-74.43745,39.35922,903
Atlantic,12/12/2013 2:57:10 PM,12/12/2013,-74.42323,39.36606,904
Atlantic,12/31/2013 7:23:53 PM,12/31/2013,-74.43463,39.35999,905
Burlington,12/12/2013 10:21:22 PM,12/12/2013,-74.99312,39.96209,906
Camden,12/12/2013 9:31:21 PM,12/12/2013,-74.91042,39.74493,907
Camden,8/15/2013 2:07:59 PM,8/15/2013,-75.02053,39.98631,908
Camden,6/20/2013 2:18:44 PM,6/20/2013,-75.08021,39.93505,909
Atlantic,5/12/2013 8:06:33 PM,5/12/2013,-74.42096,39.36402,910
Burlington,6/20/2013 2:47:28 PM,6/20/2013,-75.03692,40.00327,911
Camden,12/31/2013 6:17:42 PM,12/31/2013,-74.93125,39.80746,912
Camden,5/10/2013 2:22:15 PM,5/10/2013,-75.02764,39.9497,913
Camden,12/31/2013 6:00:01 PM,12/31/2013,-74.92978,39.81675,914
Camden,5/10/2013 2:31:17 PM,5/10/2013,-75.02853,39.93975,915
Camden,6/16/2013 6:58:41 PM,6/16/2013,-74.92613,39.83368,916
Camden,3/22/2013 5:04:12 PM,3/22/2013,-75.02958,39.93603,917
Camden,2/11/2013 6:23:48 PM,2/11/2013,-75.02747,39.95014,918
Camden,3/31/2013 12:08:39 PM,3/31/2013,-74.87257,39.6496,919
Camden,5/12/2013 9:41:47 PM,5/12/2013,-75.02302,39.98772,920
Atlantic,9/2/2013 4:55:37 PM,9/2/2013,-74.73452,39.55178,921
Burlington,5/12/2013 9:16:33 PM,5/12/2013,-74.92937,39.89601,922
Atlantic,10/14/2013 4:51:16 PM,10/14/2013,-74.42106,39.36393,923
Atlantic,2/14/2013 2:12:04 PM,2/14/2013,-74.43374,39.35865,924
Camden,1/1/2013 6:17:32 PM,1/1/2013,-75.02238,39.98746,925
Burlington,12/12/2013 10:09:47 PM,12/12/2013,-74.94552,39.91854,926
Burlington,12/12/2013 1:34:18 PM,12/12/2013,-74.93648,39.90458,927
Atlantic,1/1/2014 4:51:01 AM,1/1/2014,-74.43637,39.3589,928
Camden,3/31/2013 4:02:39 PM,3/31/2013,-74.92184,39.85287,929
Burlington,2/14/2013 6:30:17 PM,2/14/2013,-74.99491,39.96279,930
Camden,11/28/2013 8:47:56 PM,11/28/2013,-74.92029,39.79377,931
Burlington,11/28/2013 9:17:04 PM,11/28/2013,-75.00834,39.97284,932
Camden,1/25/2014 2:53:19 PM,1/25/2014,-75.02901,39.93617,933
Camden,10/14/2013 8:27:23 PM,10/14/2013,-74.92836,39.82313,934
Burlington,12/12/2013 1:35:44 PM,12/12/2013,-74.92427,39.88873,935
Camden,2/11/2013 6:30:08 PM,2/11/2013,-75.02215,39.98789,936
Atlantic,3/31/2013 3:13:13 PM,3/31/2013,-74.43402,39.35969,937
Atlantic,12/31/2013 7:22:04 PM,12/31/2013,-74.43936,39.36078,938
Camden,6/16/2013 6:57:00 PM,6/16/2013,-74.92761,39.82626,939
Atlantic,3/31/2013 3:13:50 PM,3/31/2013,-74.43466,39.35941,940
Atlantic,11/28/2013 8:01:23 PM,11/28/2013,-74.43882,39.36063,941
Camden,6/20/2013 2:32:41 PM,6/20/2013,-75.02113,39.97971,942
Camden,6/20/2013 2:21:42 PM,6/20/2013,-75.0765,39.93733,943
Atlantic,10/14/2013 7:40:54 PM,10/14/2013,-74.43719,39.35892,944
Atlantic,3/31/2013 3:39:30 PM,3/31/2013,-74.79372,39.59065,945
Camden,12/12/2013 2:13:33 PM,12/12/2013,-74.90082,39.71711,946
Camden,5/10/2013 4:54:53 PM,5/10/2013,-75.02968,39.9361,947
Atlantic,11/28/2013 3:23:10 PM,11/28/2013,-74.42614,39.361,948
Atlantic,8/6/2013 5:55:14 PM,8/6/2013,-74.42123,39.36295,949
Camden,12/27/2013 6:43:20 PM,12/27/2013,-75.02246,39.94227,950
Burlington,1/25/2014 2:41:23 PM,1/25/2014,-75.03696,40.00273,951
Camden,5/12/2013 8:52:55 PM,5/12/2013,-74.9095,39.78403,952
Camden,5/10/2013 2:25:40 PM,5/10/2013,-75.02713,39.94633,953
Burlington,12/12/2013 12:53:30 PM,12/12/2013,-75.03929,40.00727,954
Camden,12/27/2013 6:44:25 PM,12/27/2013,-75.02443,39.94506,955
Atlantic,10/14/2013 4:53:13 PM,10/14/2013,-74.42637,39.3609,956
Camden,12/12/2013 10:26:40 PM,12/12/2013,-75.0229,39.98873,957
Atlantic,3/31/2013 3:24:01 PM,3/31/2013,-74.55733,39.41571,958
Atlantic,3/31/2013 3:09:19 PM,3/31/2013,-74.42153,39.36434,959
Burlington,1/25/2014 2:41:28 PM,1/25/2014,-75.0368,40.00227,960
Burlington,6/16/2013 11:30:31 AM,6/16/2013,-74.92212,39.88349,961
Camden,9/2/2013 12:05:23 PM,9/2/2013,-74.90117,39.71769,962
Camden,8/6/2013 8:51:02 PM,8/6/2013,-74.92329,39.84643,963
Atlantic,9/2/2013 12:41:00 PM,9/2/2013,-74.43735,39.36029,964
Camden,8/23/2013 5:11:07 PM,8/23/2013,-75.02113,39.98727,965
Camden,8/23/2013 2:09:26 PM,8/23/2013,-75.02764,39.94974,966
Atlantic,2/14/2013 3:57:54 PM,2/14/2013,-74.42415,39.36168,967
Burlington,2/14/2013 12:37:21 PM,2/14/2013,-75.04059,40.00875,968
Camden,12/12/2013 9:22:19 PM,12/12/2013,-74.87923,39.66108,969
Camden,12/27/2013 6:57:26 PM,12/27/2013,-75.02705,39.99182,970
Burlington,8/6/2013 9:36:20 PM,8/6/2013,-75.03799,40.00646,971
Atlantic,2/14/2013 5:17:01 PM,2/14/2013,-74.4284,39.36221,972
Camden,5/12/2013 12:38:39 PM,5/12/2013,-74.89703,39.70978,973
Camden,12/12/2013 10:29:22 PM,12/12/2013,-75.02655,39.9916,974
Atlantic,2/14/2013 1:50:28 PM,2/14/2013,-74.74808,39.55911,975
Burlington,3/31/2013 4:15:03 PM,3/31/2013,-74.99627,39.96339,976
Camden,1/25/2014 2:59:00 PM,1/25/2014,-75.02892,39.94297,977
Camden,6/20/2013 1:57:18 PM,6/20/2013,-75.0812,39.93512,978
Camden,1/25/2014 2:58:33 PM,1/25/2014,-75.02961,39.94008,979
Camden,6/20/2013 2:04:56 PM,6/20/2013,-75.1301,39.94395,980
Camden,8/23/2013 4:51:44 PM,8/23/2013,-75.02443,39.9638,981
Camden,5/12/2013 8:42:25 PM,5/12/2013,-74.8696,39.64672,982
Burlington,1/1/2013 6:13:16 PM,1/1/2013,-74.99419,39.9625,983
Camden,2/11/2013 3:29:24 PM,2/11/2013,-75.02791,39.94819,984
Camden,6/16/2013 12:00:04 PM,6/16/2013,-74.93128,39.80738,985
Burlington,8/15/2013 3:11:27 PM,8/15/2013,-74.97235,39.93894,986
Camden,11/28/2013 8:58:46 PM,11/28/2013,-74.93158,39.80409,987
Camden,6/20/2013 1:59:12 PM,6/20/2013,-75.10589,39.94287,988
Camden,6/20/2013 2:00:31 PM,6/20/2013,-75.11052,39.94238,989
Atlantic,3/31/2013 3:08:50 PM,3/31/2013,-74.42093,39.36403,990
Camden,1/25/2014 5:56:52 PM,1/25/2014,-75.02442,39.96394,991
Camden,8/15/2013 3:53:26 PM,8/15/2013,-74.93048,39.81161,992
Camden,8/6/2013 11:38:48 AM,8/6/2013,-75.0137,39.97889,993
Burlington,8/6/2013 9:36:15 PM,8/6/2013,-75.03775,40.00592,994
Burlington,9/2/2013 6:21:57 PM,9/2/2013,-74.9224,39.88599,995
Burlington,9/2/2013 11:32:31 AM,9/2/2013,-74.95139,39.92503,996
Camden,8/6/2013 8:37:43 PM,8/6/2013,-74.89878,39.71575,997
Burlington,6/16/2013 7:08:23 PM,6/16/2013,-74.94729,39.92156,998
Atlantic,12/12/2013 4:18:55 PM,12/12/2013,-74.44032,39.35674,999
Camden,3/31/2013 3:55:44 PM,3/31/2013,-74.92072,39.79393,1000
Atlantic,3/31/2013 2:15:46 PM,3/31/2013,-74.41981,39.36379,1001
Camden,3/22/2013 2:28:32 PM,3/22/2013,-75.01836,39.98413,1002
Atlantic,1/1/2014 1:46:39 PM,1/1/2014,-74.42452,39.36395,1003
Camden,3/31/2013 3:55:44 PM,3/31/2013,-74.92072,39.79393,1004
Camden,6/20/2013 2:20:19 PM,6/20/2013,-75.07567,39.93679,1005
Burlington,8/6/2013 11:54:52 AM,8/6/2013,-74.94051,39.90861,1006
Burlington,8/15/2013 4:33:58 PM,8/15/2013,-75.03802,40.00651,1007
Camden,12/12/2013 9:49:27 PM,12/12/2013,-74.93148,39.80457,1008
Atlantic,5/12/2013 8:34:17 PM,5/12/2013,-74.73224,39.55024,1009
Camden,1/25/2014 2:58:33 PM,1/25/2014,-75.02961,39.94008,1010
Camden,6/16/2013 6:52:37 PM,6/16/2013,-74.93029,39.80038,1011
Camden,3/22/2013 2:32:05 PM,3/22/2013,-75.02665,39.95407,1012
Camden,2/11/2013 6:28:23 PM,2/11/2013,-75.02038,39.98664,1013
Burlington,9/2/2013 11:27:31 AM,9/2/2013,-75.00741,39.97172,1014
Burlington,6/16/2013 11:18:35 AM,6/16/2013,-75.0397,40.00774,1015
Camden,6/16/2013 7:16:57 PM,6/16/2013,-75.02626,39.99132,1016
Camden,1/25/2014 2:59:00 PM,1/25/2014,-75.02892,39.94297,1017
Camden,5/12/2013 9:08:06 PM,5/12/2013,-74.92794,39.82494,1018
Atlantic,12/31/2013 7:05:34 PM,12/31/2013,-74.68781,39.51424,1019
Burlington,2/14/2013 12:49:51 PM,2/14/2013,-74.96301,39.93285,1020
Camden,5/10/2013 5:24:59 PM,5/10/2013,-75.0245,39.94575,1021
Burlington,12/12/2013 9:59:37 PM,12/12/2013,-74.92201,39.8847,1022
Camden,2/11/2013 6:23:55 PM,2/11/2013,-75.02726,39.95112,1023
Camden,8/15/2013 2:46:26 PM,8/15/2013,-75.02653,39.935,1024
Atlantic,6/16/2013 12:43:35 PM,6/16/2013,-74.43717,39.36041,1025
Camden,5/10/2013 2:25:53 PM,5/10/2013,-75.02645,39.94582,1026
Camden,5/12/2013 12:30:33 PM,5/12/2013,-74.93176,39.80367,1027
Atlantic,6/16/2013 12:47:50 PM,6/16/2013,-74.42028,39.36476,1028
Camden,5/10/2013 5:24:36 PM,5/10/2013,-75.02395,39.94597,1029
Camden,8/15/2013 2:28:58 PM,8/15/2013,-75.06037,39.93021,1030
Burlington,5/12/2013 9:18:04 PM,5/12/2013,-74.93865,39.90737,1031
Camden,8/23/2013 4:45:41 PM,8/23/2013,-75.02908,39.9424,1032
Camden,2/14/2013 1:41:37 PM,2/14/2013,-74.87232,39.65009,1033
Camden,2/14/2013 5:58:13 PM,2/14/2013,-74.90955,39.78322,1034
Camden,6/16/2013 7:16:10 PM,6/16/2013,-75.01949,39.98554,1035
Atlantic,6/16/2013 5:47:27 PM,6/16/2013,-74.43755,39.35914,1036
Camden,12/27/2013 6:35:51 PM,12/27/2013,-75.02996,39.93426,1037
Camden,12/27/2013 6:46:00 PM,12/27/2013,-75.02788,39.94826,1038
Camden,8/15/2013 3:46:38 PM,8/15/2013,-74.93178,39.80374,1039
Camden,2/11/2013 3:27:00 PM,2/11/2013,-75.02415,39.9655,1040
Atlantic,6/16/2013 12:44:40 PM,6/16/2013,-74.42976,39.36341,1041
Burlington,10/14/2013 2:07:12 PM,10/14/2013,-74.97135,39.9384,1042
Camden,12/12/2013 9:36:10 PM,12/12/2013,-74.92055,39.79397,1043
Camden,1/25/2014 2:53:19 PM,1/25/2014,-75.02901,39.93617,1044
Atlantic,9/2/2013 4:30:06 PM,9/2/2013,-74.43356,39.35992,1045
Camden,8/23/2013 2:07:24 PM,8/23/2013,-75.02507,39.96136,1046
Atlantic,3/31/2013 3:13:50 PM,3/31/2013,-74.43466,39.35941,1047
Burlington,9/2/2013 6:41:29 PM,9/2/2013,-75.00448,39.96939,1048
Camden,6/16/2013 6:57:48 PM,6/16/2013,-74.92699,39.82937,1049
Camden,1/25/2014 5:36:20 PM,1/25/2014,-75.02999,39.93618,1050
Camden,10/14/2013 2:33:38 PM,10/14/2013,-74.9318,39.80333,1051
Camden,1/1/2014 8:46:04 PM,1/1/2014,-74.93034,39.81243,1052
Burlington,8/6/2013 9:13:47 PM,8/6/2013,-75.0113,39.97631,1053
Burlington,9/2/2013 11:27:31 AM,9/2/2013,-75.00741,39.97172,1054
Camden,12/27/2013 6:45:17 PM,12/27/2013,-75.02577,39.946,1055
Atlantic,3/31/2013 3:24:01 PM,3/31/2013,-74.55733,39.41571,1056
Camden,8/23/2013 2:04:39 PM,8/23/2013,-75.01729,39.98282,1057
Atlantic,3/31/2013 2:12:39 PM,3/31/2013,-74.4266,39.36085,1058
Atlantic,3/31/2013 3:09:19 PM,3/31/2013,-74.42153,39.36434,1059
Burlington,9/2/2013 11:27:31 AM,9/2/2013,-75.00741,39.97172,1060
Camden,9/2/2013 6:10:23 PM,9/2/2013,-74.93147,39.80207,1061
Burlington,8/15/2013 3:14:35 PM,8/15/2013,-74.97152,39.93634,1062
Camden,1/1/2013 6:16:33 PM,1/1/2013,-75.01914,39.98526,1063
Camden,1/25/2014 2:50:03 PM,1/25/2014,-75.02811,39.94746,1064
Camden,5/10/2013 5:25:31 PM,5/10/2013,-75.02732,39.9465,1065
Burlington,12/12/2013 1:31:02 PM,12/12/2013,-74.95131,39.92501,1066
Camden,5/12/2013 12:14:01 PM,5/12/2013,-74.93025,39.81401,1067
Camden,2/11/2013 6:45:55 PM,2/11/2013,-75.02289,39.98757,1068
Atlantic,9/2/2013 4:28:51 PM,9/2/2013,-74.43151,39.36077,1069
Atlantic,8/6/2013 1:14:29 PM,8/6/2013,-74.4375,39.36027,1070
Camden,10/14/2013 2:40:02 PM,10/14/2013,-74.9096,39.74205,1071
Camden,3/22/2013 2:28:43 PM,3/22/2013,-75.01705,39.98258,1072
Camden,8/15/2013 3:49:31 PM,8/15/2013,-74.91804,39.79184,1073
Camden,12/27/2013 6:54:37 PM,12/27/2013,-75.01613,39.98167,1074
Burlington,8/6/2013 9:00:09 PM,8/6/2013,-74.94306,39.91432,1075
Camden,6/20/2013 1:55:53 PM,6/20/2013,-75.07194,39.9422,1076
Atlantic,3/31/2013 3:08:50 PM,3/31/2013,-74.42093,39.36403,1077
Camden,3/22/2013 5:27:03 PM,3/22/2013,-75.02288,39.98765,1078
Atlantic,5/12/2013 3:55:45 PM,5/12/2013,-74.42102,39.36361,1079
Atlantic,11/28/2013 8:17:55 PM,11/28/2013,-74.68636,39.51369,1080
Camden,12/31/2013 6:52:43 PM,12/31/2013,-74.87273,39.64925,1081
Atlantic,9/2/2013 5:06:28 PM,9/2/2013,-74.76735,39.57326,1082
Camden,5/12/2013 8:54:43 PM,5/12/2013,-74.92099,39.79443,1083
Camden,8/15/2013 4:31:23 PM,8/15/2013,-75.02288,39.9876,1084
Camden,9/2/2013 12:05:23 PM,9/2/2013,-74.90117,39.71769,1085
Camden,5/10/2013 5:32:05 PM,5/10/2013,-75.02004,39.98628,1086
Camden,6/20/2013 2:29:00 PM,6/20/2013,-75.05322,39.96045,1087
Camden,2/11/2013 6:25:14 PM,2/11/2013,-75.02466,39.96301,1088
Camden,2/11/2013 6:28:34 PM,2/11/2013,-75.02165,39.98794,1089
Camden,2/14/2013 6:05:31 PM,2/14/2013,-74.92145,39.79503,1090
Camden,8/15/2013 3:40:17 PM,8/15/2013,-74.92439,39.84216,1091
Camden,8/15/2013 3:05:11 PM,8/15/2013,-75.01562,39.97973,1092
Burlington,1/1/2014 8:56:01 PM,1/1/2014,-74.9341,39.90189,1093
Atlantic,3/31/2013 3:15:47 PM,3/31/2013,-74.43743,39.35911,1094
Camden,12/31/2013 5:56:30 PM,12/31/2013,-74.92426,39.84268,1095
Atlantic,6/16/2013 6:14:01 PM,6/16/2013,-74.7821,39.58287,1096
Camden,5/10/2013 2:28:02 PM,5/10/2013,-75.0249,39.94306,1097
Burlington,2/11/2013 6:48:03 PM,2/11/2013,-75.03369,39.99722,1098
Camden,2/11/2013 6:45:55 PM,2/11/2013,-75.02289,39.98757,1099
Atlantic,1/1/2014 5:09:36 AM,1/1/2014,-74.68636,39.51369,1100
Camden,5/10/2013 4:59:52 PM,5/10/2013,-75.02611,39.94479,1101
Camden,8/23/2013 5:09:25 PM,8/23/2013,-75.02074,39.97683,1102
Camden,11/28/2013 12:34:29 PM,11/28/2013,-75.02341,39.98863,1103
Atlantic,6/16/2013 12:48:51 PM,6/16/2013,-74.42012,39.36387,1104
Burlington,12/31/2013 5:47:54 PM,12/31/2013,-74.93641,39.9045,1105
Burlington,10/14/2013 8:44:47 PM,10/14/2013,-74.94811,39.9227,1106
Burlington,5/10/2013 5:49:09 PM,5/10/2013,-75.03758,40.00538,1107
Camden,1/25/2014 2:51:15 PM,1/25/2014,-75.02868,39.9448,1108
Atlantic,10/14/2013 3:20:03 PM,10/14/2013,-74.42491,39.36535,1109
Camden,1/1/2013 6:21:09 PM,1/1/2013,-75.0253,39.99059,1110
Atlantic,12/12/2013 4:18:29 PM,12/12/2013,-74.43887,39.35548,1111
Camden,6/20/2013 2:06:33 PM,6/20/2013,-75.12944,39.94819,1112
Atlantic,9/2/2013 5:30:53 PM,9/2/2013,-74.81017,39.60182,1113
Burlington,6/20/2013 2:47:42 PM,6/20/2013,-75.03754,40.00522,1114
Camden,10/14/2013 8:55:48 PM,10/14/2013,-75.02023,39.98642,1115
Atlantic,3/31/2013 3:19:26 PM,3/31/2013,-74.48526,39.37881,1116
Burlington,9/2/2013 6:54:45 PM,9/2/2013,-75.03705,40.00377,1117
Atlantic,9/2/2013 4:50:35 PM,9/2/2013,-74.68412,39.51207,1118
Camden,1/25/2014 5:45:13 PM,1/25/2014,-75.02781,39.94836,1119
Camden,2/11/2013 6:28:34 PM,2/11/2013,-75.02165,39.98794,1120
Burlington,1/25/2014 2:41:18 PM,1/25/2014,-75.0372,40.0034,1121
Camden,5/10/2013 5:28:55 PM,5/10/2013,-75.02545,39.95927,1122
Camden,12/12/2013 9:27:49 PM,12/12/2013,-74.89841,39.71559,1123
Burlington,8/15/2013 3:27:52 PM,8/15/2013,-74.94441,39.91629,1124
Camden,3/31/2013 4:02:39 PM,3/31/2013,-74.92184,39.85287,1125
Burlington,10/14/2013 2:13:21 PM,10/14/2013,-74.93622,39.90422,1126
Burlington,1/1/2013 6:06:19 PM,1/1/2013,-74.93873,39.90739,1127
Camden,6/16/2013 6:34:12 PM,6/16/2013,-74.91977,39.7935,1128
Camden,6/16/2013 6:32:58 PM,6/16/2013,-74.90974,39.78199,1129
Camden,11/28/2013 9:01:07 PM,11/28/2013,-74.92762,39.82605,1130
Camden,12/31/2013 6:20:31 PM,12/31/2013,-74.91884,39.79276,1131
Camden,1/25/2014 2:57:54 PM,1/25/2014,-75.02983,39.93612,1132
Camden,2/14/2013 6:01:22 PM,2/14/2013,-74.92155,39.79491,1133
Camden,6/16/2013 6:53:22 PM,6/16/2013,-74.9316,39.80381,1134
Camden,2/11/2013 6:28:23 PM,2/11/2013,-75.02038,39.98664,1135
Camden,10/14/2013 8:12:50 PM,10/14/2013,-74.87983,39.66229,1136
Burlington,10/14/2013 2:11:56 PM,10/14/2013,-74.9437,39.91523,1137
Camden,6/16/2013 12:14:15 PM,6/16/2013,-74.87707,39.65142,1138
Camden,5/12/2013 8:54:50 PM,5/12/2013,-74.92095,39.79472,1139
Camden,12/31/2013 6:29:37 PM,12/31/2013,-74.89727,39.70685,1140
Atlantic,3/31/2013 3:09:30 PM,3/31/2013,-74.42247,39.36445,1141
Burlington,8/15/2013 3:06:15 PM,8/15/2013,-75.00762,39.97192,1142
Camden,3/22/2013 5:17:43 PM,3/22/2013,-75.02247,39.98748,1143
Atlantic,3/31/2013 3:11:07 PM,3/31/2013,-74.42623,39.36285,1144
Camden,5/10/2013 2:21:26 PM,5/10/2013,-75.02662,39.95416,1145
Camden,1/25/2014 2:47:59 PM,1/25/2014,-75.02633,39.95587,1146
Atlantic,3/31/2013 3:16:19 PM,3/31/2013,-74.43872,39.36051,1147
Atlantic,10/14/2013 4:52:03 PM,10/14/2013,-74.42153,39.36283,1148
Camden,10/14/2013 8:56:46 PM,10/14/2013,-75.02223,39.98795,1149
Camden,6/20/2013 2:28:55 PM,6/20/2013,-75.05378,39.95996,1150
Camden,11/28/2013 8:47:14 PM,11/28/2013,-74.91412,39.79018,1151
Atlantic,11/28/2013 2:03:09 PM,11/28/2013,-74.42453,39.36553,1152
Burlington,12/12/2013 10:03:47 PM,12/12/2013,-74.9413,39.91146,1153
Atlantic,12/12/2013 2:56:44 PM,12/12/2013,-74.42439,39.36557,1154
Camden,5/10/2013 4:58:27 PM,5/10/2013,-75.02699,39.94398,1155
Camden,2/14/2013 1:06:35 PM,2/14/2013,-74.92247,39.85072,1156
Camden,3/31/2013 3:58:16 PM,3/31/2013,-74.93092,39.80867,1157
Atlantic,8/6/2013 1:16:20 PM,8/6/2013,-74.43276,39.35736,1158
Camden,12/12/2013 9:30:07 PM,12/12/2013,-74.90795,39.73745,1159
Camden,8/23/2013 2:27:52 PM,8/23/2013,-75.02888,39.9403,1160
Camden,3/31/2013 3:58:16 PM,3/31/2013,-74.93092,39.80867,1161
Burlington,2/14/2013 12:56:42 PM,2/14/2013,-74.95282,39.92604,1162
Burlington,3/31/2013 4:08:22 PM,3/31/2013,-74.93747,39.90597,1163
Camden,2/11/2013 3:32:54 PM,2/11/2013,-75.02806,39.93662,1164
Camden,12/27/2013 6:52:26 PM,12/27/2013,-75.02457,39.96344,1165
Camden,6/16/2013 6:54:49 PM,6/16/2013,-74.93088,39.80938,1166
Camden,1/25/2014 3:04:56 PM,1/25/2014,-75.02869,39.94486,1167
Camden,11/28/2013 1:15:57 PM,11/28/2013,-74.93127,39.80727,1168
Camden,12/31/2013 5:56:25 PM,12/31/2013,-74.92408,39.84347,1169
Camden,8/15/2013 2:49:57 PM,8/15/2013,-75.02308,39.93854,1170
Burlington,8/23/2013 5:32:18 PM,8/23/2013,-75.03578,39.99983,1171
Burlington,3/31/2013 4:06:49 PM,3/31/2013,-74.92834,39.89472,1172
Burlington,12/31/2013 5:41:40 PM,12/31/2013,-74.97224,39.939,1173
Camden,5/10/2013 2:31:00 PM,5/10/2013,-75.02717,39.93938,1174
Camden,6/20/2013 2:15:16 PM,6/20/2013,-75.1069,39.94369,1175
Camden,1/1/2013 1:11:40 PM,1/1/2013,-74.87228,39.65046,1176
Atlantic,2/14/2013 3:58:33 PM,2/14/2013,-74.42098,39.36354,1177
Camden,3/31/2013 3:51:35 PM,3/31/2013,-74.91002,39.74351,1178
Atlantic,5/12/2013 3:54:25 PM,5/12/2013,-74.4264,39.36087,1179
Camden,8/23/2013 4:49:39 PM,8/23/2013,-75.02708,39.95198,1180
Camden,3/31/2013 3:54:16 PM,3/31/2013,-74.90965,39.78239,1181
Burlington,2/14/2013 12:51:48 PM,2/14/2013,-74.95834,39.92973,1182
Camden,12/27/2013 3:21:30 PM,12/27/2013,-75.02268,39.94336,1183
Camden,5/10/2013 2:23:22 PM,5/10/2013,-75.02794,39.94833,1184
Burlington,2/14/2013 12:44:44 PM,2/14/2013,-74.98687,39.95007,1185
Atlantic,1/1/2013 5:14:08 PM,1/1/2013,-74.491,39.38091,1186
Camden,8/23/2013 4:44:34 PM,8/23/2013,-75.02994,39.93613,1187
Burlington,12/12/2013 1:23:30 PM,12/12/2013,-74.96344,39.93313,1188
Camden,6/20/2013 2:10:31 PM,6/20/2013,-75.1282,39.94832,1189
Burlington,12/12/2013 1:33:02 PM,12/12/2013,-74.9452,39.91781,1190
Atlantic,3/31/2013 12:38:34 PM,3/31/2013,-74.43892,39.36011,1191
Camden,1/25/2014 2:48:19 PM,1/25/2014,-75.02688,39.95348,1192
Burlington,12/31/2013 5:49:47 PM,12/31/2013,-74.92369,39.88797,1193
Burlington,6/20/2013 2:47:54 PM,6/20/2013,-75.03811,40.00661,1194
Camden,3/31/2013 12:08:10 PM,3/31/2013,-74.87507,39.65517,1195
Burlington,12/12/2013 1:21:26 PM,12/12/2013,-74.96937,39.93711,1196
Burlington,8/6/2013 9:02:54 PM,8/6/2013,-74.9458,39.919,1197
Atlantic,8/6/2013 8:08:43 PM,8/6/2013,-74.50944,39.3905,1198
Atlantic,1/1/2013 5:09:46 PM,1/1/2013,-74.43701,39.3612,1199
Camden,1/25/2014 2:59:56 PM,1/25/2014,-75.02682,39.9456,1200
Atlantic,1/1/2014 1:42:51 PM,1/1/2014,-74.42257,39.36449,1201
Camden,6/16/2013 6:33:48 PM,6/16/2013,-74.91583,39.79121,1202
Camden,12/12/2013 9:30:31 PM,12/12/2013,-74.90894,39.7404,1203
Camden,12/31/2013 6:25:14 PM,12/31/2013,-74.91064,39.74767,1204
Camden,6/20/2013 2:25:03 PM,6/20/2013,-75.077,39.93707,1205
Atlantic,12/31/2013 11:18:25 PM,12/31/2013,-74.42118,39.36298,1206
Atlantic,12/12/2013 2:31:44 PM,12/12/2013,-74.68772,39.51414,1207
Atlantic,3/31/2013 3:16:59 PM,3/31/2013,-74.44037,39.36238,1208
Burlington,8/6/2013 8:57:48 PM,8/6/2013,-74.94053,39.91003,1209
Burlington,1/25/2014 2:41:23 PM,1/25/2014,-75.03696,40.00273,1210
Burlington,8/6/2013 11:53:56 AM,8/6/2013,-74.94376,39.91523,1211
Camden,6/20/2013 2:11:20 PM,6/20/2013,-75.12895,39.94504,1212
Camden,1/25/2014 2:51:15 PM,1/25/2014,-75.02868,39.9448,1213
Burlington,3/31/2013 4:14:42 PM,3/31/2013,-74.99307,39.96209,1214
Camden,1/1/2013 5:54:55 PM,1/1/2013,-74.92155,39.79528,1215
Camden,12/31/2013 6:21:26 PM,12/31/2013,-74.90966,39.78666,1216
Camden,3/22/2013 5:06:26 PM,3/22/2013,-75.02833,39.94586,1217
Camden,6/20/2013 1:49:21 PM,6/20/2013,-75.02068,39.98654,1218
Burlington,12/12/2013 10:13:11 PM,12/12/2013,-74.95146,39.92523,1219
Burlington,2/14/2013 6:24:07 PM,2/14/2013,-74.93723,39.90565,1220
Atlantic,3/31/2013 3:11:58 PM,3/31/2013,-74.43227,39.36041,1221
Camden,2/11/2013 6:22:33 PM,2/11/2013,-75.02837,39.94564,1222
Burlington,12/31/2013 5:37:24 PM,12/31/2013,-75.00843,39.97289,1223
Camden,8/6/2013 8:40:29 PM,8/6/2013,-74.91039,39.74463,1224
Atlantic,1/1/2014 4:12:51 PM,1/1/2014,-74.42093,39.36332,1225
Burlington,8/6/2013 11:47:50 AM,8/6/2013,-74.95847,39.92979,1226
Burlington,5/12/2013 9:25:17 PM,5/12/2013,-74.99627,39.96331,1227
Camden,8/23/2013 2:29:29 PM,8/23/2013,-75.02326,39.93969,1228
Camden,12/27/2013 3:09:22 PM,12/27/2013,-75.03045,39.93671,1229
Camden,5/10/2013 5:47:29 PM,5/10/2013,-75.02696,39.99187,1230
Camden,8/15/2013 2:10:14 PM,8/15/2013,-75.03975,39.97276,1231
Atlantic,10/14/2013 3:20:36 PM,10/14/2013,-74.42327,39.36599,1232
Atlantic,3/31/2013 3:11:07 PM,3/31/2013,-74.42623,39.36285,1233
Camden,2/11/2013 6:22:33 PM,2/11/2013,-75.02837,39.94564,1234
Camden,8/23/2013 2:05:53 PM,8/23/2013,-75.02236,39.97422,1235
Camden,8/6/2013 8:46:25 PM,8/6/2013,-74.93067,39.81052,1236
Burlington,1/25/2014 2:41:23 PM,1/25/2014,-75.03696,40.00273,1237
Camden,2/11/2013 3:29:24 PM,2/11/2013,-75.02791,39.94819,1238
Burlington,8/6/2013 8:54:24 PM,8/6/2013,-74.92218,39.88506,1239
Camden,2/11/2013 6:30:08 PM,2/11/2013,-75.02215,39.98789,1240
Camden,3/22/2013 2:30:35 PM,3/22/2013,-75.02417,39.96559,1241
Camden,6/20/2013 2:35:20 PM,6/20/2013,-75.02698,39.99213,1242
Camden,9/2/2013 11:42:54 AM,9/2/2013,-74.93035,39.8134,1243
Atlantic,1/1/2014 4:50:12 AM,1/1/2014,-74.43392,39.35982,1244
Camden,6/20/2013 1:55:47 PM,6/20/2013,-75.07124,39.94301,1245
Atlantic,3/31/2013 3:16:19 PM,3/31/2013,-74.43872,39.36051,1246
Camden,12/31/2013 5:36:14 PM,12/31/2013,-75.01846,39.97895,1247
Burlington,2/14/2013 6:31:51 PM,2/14/2013,-75.01206,39.97709,1248
Camden,6/20/2013 2:17:49 PM,6/20/2013,-75.08204,39.93349,1249
Atlantic,2/14/2013 2:04:42 PM,2/14/2013,-74.52105,39.40035,1250
Burlington,9/2/2013 6:24:34 PM,9/2/2013,-74.93422,39.90198,1251
Camden,2/11/2013 3:31:37 PM,2/11/2013,-75.03034,39.93711,1252
Camden,2/11/2013 3:25:05 PM,2/11/2013,-75.01729,39.98287,1253
Burlington,8/15/2013 4:06:18 PM,8/15/2013,-74.94695,39.92087,1254
Burlington,3/31/2013 4:06:49 PM,3/31/2013,-74.92834,39.89472,1255
Camden,10/14/2013 2:23:08 PM,10/14/2013,-74.93029,39.81398,1256
Camden,9/2/2013 11:59:39 AM,9/2/2013,-74.9103,39.78745,1257
Camden,12/12/2013 9:55:14 PM,12/12/2013,-74.92149,39.85432,1258
Burlington,2/14/2013 6:21:11 PM,2/14/2013,-74.92275,39.88671,1259
Atlantic,8/6/2013 7:48:49 PM,8/6/2013,-74.42864,39.36192,1260
Camden,1/25/2014 5:39:20 PM,1/25/2014,-75.0267,39.9457,1261
Camden,2/11/2013 3:33:20 PM,2/11/2013,-75.02813,39.93674,1262
Camden,3/22/2013 5:27:15 PM,3/22/2013,-75.02286,39.98805,1263
Camden,8/23/2013 2:10:23 PM,8/23/2013,-75.02804,39.94785,1264
Camden,8/15/2013 2:18:35 PM,8/15/2013,-75.08306,39.92783,1265
Camden,12/12/2013 1:12:27 PM,12/12/2013,-75.02208,39.98748,1266
Atlantic,1/1/2013 5:04:08 PM,1/1/2013,-74.43568,39.3592,1267
Burlington,12/31/2013 5:43:48 PM,12/31/2013,-74.95619,39.92831,1268
Camden,2/11/2013 6:28:34 PM,2/11/2013,-75.02165,39.98794,1269
Atlantic,2/14/2013 5:19:40 PM,2/14/2013,-74.43843,39.36006,1270
Camden,8/23/2013 2:11:45 PM,8/23/2013,-75.02864,39.94511,1271
Camden,5/10/2013 5:25:25 PM,5/10/2013,-75.02671,39.9463,1272
Camden,5/12/2013 12:10:39 PM,5/12/2013,-74.92215,39.85216,1273
Camden,9/2/2013 11:41:16 AM,9/2/2013,-74.92765,39.82662,1274
Camden,2/11/2013 6:26:41 PM,2/11/2013,-75.02069,39.97693,1275
Camden,9/2/2013 12:05:23 PM,9/2/2013,-74.90117,39.71769,1276
Camden,3/31/2013 12:08:46 PM,3/31/2013,-74.87317,39.64841,1277
Camden,2/11/2013 6:27:42 PM,2/11/2013,-75.01612,39.98166,1278
Camden,9/2/2013 11:41:16 AM,9/2/2013,-74.92765,39.82662,1279
Burlington,3/31/2013 4:08:22 PM,3/31/2013,-74.93747,39.90597,1280
Camden,9/2/2013 11:41:22 AM,9/2/2013,-74.92785,39.82572,1281
Camden,2/11/2013 3:33:27 PM,2/11/2013,-75.02837,39.93679,1282
Camden,6/16/2013 6:26:56 PM,6/16/2013,-74.89803,39.71542,1283
Camden,5/10/2013 5:47:23 PM,5/10/2013,-75.02619,39.99131,1284
Camden,8/15/2013 2:32:46 PM,8/15/2013,-75.05367,39.93571,1285
Camden,8/15/2013 2:44:01 PM,8/15/2013,-75.02565,39.93868,1286
Camden,3/31/2013 3:58:16 PM,3/31/2013,-74.93092,39.80867,1287
Burlington,2/14/2013 6:30:47 PM,2/14/2013,-75.00148,39.96648,1288
Camden,9/2/2013 11:41:22 AM,9/2/2013,-74.92785,39.82572,1289
Atlantic,3/31/2013 3:09:30 PM,3/31/2013,-74.42247,39.36445,1290
Atlantic,1/1/2013 5:13:46 PM,1/1/2013,-74.48524,39.37874,1291
Atlantic,2/14/2013 5:16:30 PM,2/14/2013,-74.42492,39.36371,1292
Burlington,8/6/2013 11:46:00 AM,8/6/2013,-74.96303,39.93286,1293
Atlantic,2/14/2013 2:10:47 PM,2/14/2013,-74.43773,39.36011,1294
Camden,2/11/2013 3:32:23 PM,2/11/2013,-75.02841,39.93653,1295
Atlantic,9/2/2013 3:13:24 PM,9/2/2013,-74.42108,39.36295,1296
Camden,2/11/2013 6:28:23 PM,2/11/2013,-75.02038,39.98664,1297
Burlington,1/1/2013 6:23:03 PM,1/1/2013,-75.03801,40.00651,1298
Camden,8/6/2013 8:48:48 PM,8/6/2013,-74.92709,39.82896,1299
Burlington,3/31/2013 4:14:42 PM,3/31/2013,-74.99307,39.96209,1300
Camden,8/23/2013 4:51:36 PM,8/23/2013,-75.02467,39.96298,1301
Atlantic,3/31/2013 12:40:13 PM,3/31/2013,-74.43385,39.35873,1302
Burlington,6/16/2013 11:29:24 AM,6/16/2013,-74.92609,39.89146,1303
Camden,5/10/2013 2:16:30 PM,5/10/2013,-75.02472,39.98998,1304
Atlantic,3/31/2013 3:12:58 PM,3/31/2013,-74.43359,39.35984,1305
Camden,9/2/2013 11:59:39 AM,9/2/2013,-74.9103,39.78745,1306
Atlantic,1/1/2014 1:42:12 PM,1/1/2014,-74.42325,39.36606,1307
Camden,8/23/2013 4:00:38 PM,8/23/2013,-75.03049,39.93645,1308
Burlington,12/12/2013 1:21:18 PM,12/12/2013,-74.97008,39.93758,1309
Camden,1/25/2014 2:58:33 PM,1/25/2014,-75.02961,39.94008,1310
Camden,9/2/2013 11:59:39 AM,9/2/2013,-74.9103,39.78745,1311
Burlington,8/15/2013 3:30:16 PM,8/15/2013,-74.93591,39.90374,1312
Camden,12/12/2013 1:13:54 PM,12/12/2013,-75.0133,39.97842,1313
Burlington,3/22/2013 5:30:56 PM,3/22/2013,-75.03814,40.00665,1314
Burlington,10/14/2013 2:05:20 PM,10/14/2013,-74.98722,39.95103,1315
Burlington,1/25/2014 2:41:18 PM,1/25/2014,-75.0372,40.0034,1316
Burlington,2/14/2013 6:24:26 PM,2/14/2013,-74.9389,39.90771,1317
Burlington,5/12/2013 9:14:28 PM,5/12/2013,-74.92242,39.88592,1318
Camden,2/14/2013 1:27:36 PM,2/14/2013,-74.93176,39.80369,1319
Camden,2/14/2013 5:54:47 PM,2/14/2013,-74.90881,39.7399,1320
Camden,8/15/2013 2:24:23 PM,8/15/2013,-75.04627,39.92541,1321
Burlington,11/28/2013 9:10:59 PM,11/28/2013,-74.94673,39.92058,1322
Camden,6/16/2013 6:52:09 PM,6/16/2013,-74.92913,39.79951,1323
Camden,9/2/2013 11:41:16 AM,9/2/2013,-74.92765,39.82662,1324
Atlantic,3/31/2013 3:15:47 PM,3/31/2013,-74.43743,39.35911,1325
Camden,10/14/2013 8:19:36 PM,10/14/2013,-74.91044,39.74483,1326
Burlington,12/31/2013 5:47:46 PM,12/31/2013,-74.9373,39.90559,1327
Camden,6/20/2013 1:49:39 PM,6/20/2013,-75.02015,39.98401,1328
Camden,11/28/2013 8:40:42 PM,11/28/2013,-74.89816,39.7155,1329
Atlantic,8/6/2013 12:58:10 PM,8/6/2013,-74.68842,39.51464,1330
Atlantic,12/31/2013 7:26:10 PM,12/31/2013,-74.43278,39.35751,1331
Atlantic,1/1/2014 4:13:31 PM,1/1/2014,-74.42503,39.36143,1332
Camden,3/31/2013 3:44:22 PM,3/31/2013,-74.87061,39.64768,1333
Atlantic,1/1/2014 1:48:05 PM,1/1/2014,-74.42273,39.36421,1334
Atlantic,2/14/2013 1:50:28 PM,2/14/2013,-74.74808,39.55911,1335
Atlantic,9/2/2013 4:31:57 PM,9/2/2013,-74.438,39.35943,1336
Camden,2/11/2013 6:28:23 PM,2/11/2013,-75.02038,39.98664,1337
Camden,9/2/2013 11:41:22 AM,9/2/2013,-74.92785,39.82572,1338
Camden,12/12/2013 2:02:18 PM,12/12/2013,-74.93067,39.81275,1339
Burlington,12/12/2013 1:20:59 PM,12/12/2013,-74.97192,39.93879,1340
Camden,10/14/2013 9:13:08 PM,10/14/2013,-75.0282,39.99285,1341
Camden,8/23/2013 2:03:35 PM,8/23/2013,-75.02455,39.98978,1342
Atlantic,12/12/2013 2:47:34 PM,12/12/2013,-74.44194,39.36281,1343
Atlantic,10/14/2013 7:47:42 PM,10/14/2013,-74.50926,39.3902,1344
Burlington,9/2/2013 11:32:31 AM,9/2/2013,-74.95139,39.92503,1345
Burlington,3/31/2013 4:14:42 PM,3/31/2013,-74.99307,39.96209,1346
Atlantic,3/31/2013 3:11:07 PM,3/31/2013,-74.42623,39.36285,1347
Burlington,5/12/2013 12:01:44 PM,5/12/2013,-74.97157,39.93856,1348
Burlington,9/2/2013 11:32:31 AM,9/2/2013,-74.95139,39.92503,1349
Camden,3/31/2013 3:45:30 PM,3/31/2013,-74.87933,39.6614,1350
Atlantic,3/31/2013 3:16:19 PM,3/31/2013,-74.43872,39.36051,1351
Atlantic,5/12/2013 8:30:12 PM,5/12/2013,-74.68072,39.50967,1352
Burlington,5/12/2013 9:19:41 PM,5/12/2013,-74.9459,39.91918,1353
Atlantic,12/31/2013 7:22:51 PM,12/31/2013,-74.43776,39.36014,1354
Camden,10/14/2013 2:23:22 PM,10/14/2013,-74.93049,39.813,1355
Burlington,6/20/2013 1:47:05 PM,6/20/2013,-75.03663,40.00178,1356
Burlington,6/16/2013 7:13:05 PM,6/16/2013,-74.98739,39.95374,1357
Camden,1/1/2014 8:43:53 PM,1/1/2014,-74.92184,39.79492,1358
Camden,2/11/2013 6:30:21 PM,2/11/2013,-75.02233,39.98748,1359
Camden,3/22/2013 2:49:56 PM,3/22/2013,-75.03023,39.93444,1360
Burlington,8/6/2013 12:00:37 PM,8/6/2013,-74.93892,39.90888,1361
Burlington,2/14/2013 12:49:14 PM,2/14/2013,-74.96437,39.93377,1362
Camden,1/25/2014 2:59:00 PM,1/25/2014,-75.02892,39.94297,1363
Atlantic,10/14/2013 3:21:05 PM,10/14/2013,-74.422,39.36649,1364
Burlington,8/15/2013 4:03:49 PM,8/15/2013,-74.93303,39.90045,1365
Camden,1/25/2014 2:52:53 PM,1/25/2014,-75.03043,39.93685,1366
Camden,12/12/2013 10:26:19 PM,12/12/2013,-75.02216,39.98814,1367
Atlantic,1/1/2013 4:56:04 PM,1/1/2013,-74.42976,39.36168,1368
Camden,2/11/2013 3:26:04 PM,2/11/2013,-75.02218,39.97474,1369
Camden,12/31/2013 6:21:13 PM,12/31/2013,-74.91094,39.78814,1370
Atlantic,10/14/2013 3:17:08 PM,10/14/2013,-74.43902,39.36033,1371
Camden,5/12/2013 9:28:46 PM,5/12/2013,-75.02223,39.9879,1372
Atlantic,3/31/2013 3:09:30 PM,3/31/2013,-74.42247,39.36445,1373
Burlington,6/16/2013 7:14:22 PM,6/16/2013,-75.00079,39.96587,1374
Camden,5/10/2013 2:29:12 PM,5/10/2013,-75.0223,39.94221,1375
Camden,9/2/2013 11:42:54 AM,9/2/2013,-74.93035,39.8134,1376
Camden,9/2/2013 12:05:23 PM,9/2/2013,-74.90117,39.71769,1377
Burlington,12/12/2013 1:25:09 PM,12/12/2013,-74.96099,39.9315,1378
Burlington,10/14/2013 8:46:54 PM,10/14/2013,-74.95745,39.92919,1379
Burlington,3/31/2013 4:15:03 PM,3/31/2013,-74.99627,39.96339,1380
Camden,10/14/2013 9:12:19 PM,10/14/2013,-75.02551,39.99069,1381
Camden,3/31/2013 12:04:07 PM,3/31/2013,-74.89761,39.70819,1382
Burlington,11/28/2013 9:06:27 PM,11/28/2013,-74.92247,39.8861,1383
Camden,11/28/2013 8:33:46 PM,11/28/2013,-74.89242,39.69347,1384
Burlington,5/12/2013 11:54:17 AM,5/12/2013,-75.04201,40.01068,1385
Camden,2/11/2013 6:21:46 PM,2/11/2013,-75.02773,39.94504,1386
Camden,5/10/2013 5:02:52 PM,5/10/2013,-75.0231,39.94587,1387
Camden,1/25/2014 3:00:27 PM,1/25/2014,-75.0261,39.94479,1388
Camden,6/16/2013 7:16:51 PM,6/16/2013,-75.02563,39.99081,1389
Burlington,9/2/2013 11:32:31 AM,9/2/2013,-74.95139,39.92503,1390
Camden,2/11/2013 6:22:33 PM,2/11/2013,-75.02837,39.94564,1391
Atlantic,1/1/2014 4:52:55 AM,1/1/2014,-74.43885,39.36073,1392
Atlantic,2/14/2013 2:10:32 PM,2/14/2013,-74.43904,39.36036,1393
Atlantic,10/14/2013 4:55:27 PM,10/14/2013,-74.43276,39.35831,1394
Burlington,12/12/2013 10:17:59 PM,12/12/2013,-74.98454,39.94729,1395
Burlington,9/2/2013 11:27:31 AM,9/2/2013,-75.00741,39.97172,1396
Camden,12/12/2013 9:53:21 PM,12/12/2013,-74.92478,39.83939,1397
Burlington,9/2/2013 11:26:50 AM,9/2/2013,-75.01274,39.97774,1398
Camden,8/23/2013 4:48:59 PM,8/23/2013,-75.02796,39.9478,1399
Burlington,3/31/2013 4:06:49 PM,3/31/2013,-74.92834,39.89472,1400
Camden,2/11/2013 6:30:08 PM,2/11/2013,-75.02215,39.98789,1401
Camden,2/14/2013 6:00:17 PM,2/14/2013,-74.91974,39.79345,1402
Burlington,3/31/2013 4:08:22 PM,3/31/2013,-74.93747,39.90597,1403
Camden,8/6/2013 12:43:57 PM,8/6/2013,-74.88172,39.66642,1404
Burlington,5/10/2013 2:14:31 PM,5/10/2013,-75.04103,40.00941,1405
Camden,12/27/2013 3:07:24 PM,12/27/2013,-75.02781,39.94869,1406
Atlantic,3/31/2013 3:15:47 PM,3/31/2013,-74.43743,39.35911,1407
Burlington,9/2/2013 6:41:37 PM,9/2/2013,-75.00528,39.97006,1408
Atlantic,1/1/2014 1:46:21 PM,1/1/2014,-74.42466,39.36428,1409
Camden,2/11/2013 6:30:08 PM,2/11/2013,-75.02215,39.98789,1410
Camden,6/16/2013 6:51:12 PM,6/16/2013,-74.92185,39.795,1411
Camden,6/20/2013 1:55:20 PM,6/20/2013,-75.06815,39.94651,1412
Burlington,10/14/2013 8:43:24 PM,10/14/2013,-74.94619,39.91966,1413
Camden,12/12/2013 10:27:08 PM,12/12/2013,-75.02385,39.98952,1414
Atlantic,3/31/2013 3:14:52 PM,3/31/2013,-74.43645,39.35877,1415
Burlington,8/6/2013 9:35:18 PM,8/6/2013,-75.03288,39.99663,1416
Atlantic,6/16/2013 12:47:20 PM,6/16/2013,-74.42205,39.36651,1417
Atlantic,1/1/2013 5:14:02 PM,1/1/2013,-74.48945,39.38033,1418
Camden,1/25/2014 2:53:19 PM,1/25/2014,-75.02901,39.93617,1419
Camden,5/10/2013 2:28:16 PM,5/10/2013,-75.02459,39.94272,1420
Burlington,12/12/2013 1:18:26 PM,12/12/2013,-74.98664,39.94962,1421
Burlington,12/27/2013 7:12:57 PM,12/27/2013,-75.03609,40.00073,1422
Burlington,12/27/2013 7:13:42 PM,12/27/2013,-75.03761,40.00558,1423
Burlington,2/14/2013 1:00:27 PM,2/14/2013,-74.93881,39.90745,1424
Burlington,1/1/2013 6:13:52 PM,1/1/2013,-74.9994,39.96477,1425
Atlantic,3/31/2013 3:10:08 PM,3/31/2013,-74.4237,39.36395,1426
